FECHA;ORIGEN;DESTINO;DISTANCIA DESTINO;CONSUMO ACPM DESTINO e;ODOM INICIAL;ODOM FINAL;DISTANCIA RECORRIDA;AUDITORIA DISTANCIA;CANTIDAD CARGADA;CANTIDAD DESCARGADA;DIFERENCIA;TIEMPO DE CARGUE;TIEMPO MUERTO;TIEMPO EN EL VIAJE;HORAS MOTOR;DIAS DE VIAJE;COSTO MANO DE OBRA;PEAJES RUTA;VALOR PEAJES;CONSUMO ACPM;COSTO ACPM;ALOJAM.;MANUTENC.;IMPREVISTOS;MANTENIMIENTO;DIVERSOS;FLETE 
3-ene;B/BERMEJA;CARTAGENA;1338;160;120829;121749;920; -   ;33.656;;33.656;0:00:00;0:00;0:00:00;27:53:17;1;$ 122.978;18;540.700; -   ; -   ;22.950;40.800; -   ; -   ;10.000;$ 135
3-ene;B/BERMEJA;CARTAGENA;1338;160;1051479;1052855;1376; -   ;33.213;;33.213;0:00:00;0:00;0:00:00;28:59:13;1;$ 122.978;18;540.700;160;1.273.600;22.950;40.800; -   ; -   ;22.000;$ 135
3-ene;B/BERMEJA;CARTAGENA;1338;160;313692;314808;1116; -   ;33.705;;33.705;0:00:00;0:00;0:00:00;18:28:53;1;$ 122.978;18;540.700;160; -   ;22.950;40.800; -   ;55.000;10.000;$ 135
3-ene;B/BERMEJA;LA PUTANA;100;23;872293;872394;101; -   ;33.290;33.290; -   ;0:00:00;0:00;0:00:00;5:38:12;1;$ 122.978;0; -   ; -   ; -   ; -   ;13.600; -   ; -   ; -   ;$ 20
4-ene;B/BERMEJA;CARTAGENA;1338;160;945662;947076;1414; Revisar Km. ;33.500;;33.500;0:00:00;0:00;0:00:00;28:26:45;2;$ 245.956;18;540.700; -   ; -   ;22.950;40.800; -   ;480.000;10.000;$ 135
4-ene;B/BERMEJA;SAN JUAN NEPOMUCENO;1372;145;571481;572666;1185; -   ;24.780;;24.780;1:20:00;0:57;25:50:00;33:07:07;2;$ 245.956;12;416.000; -   ; -   ;45.900;54.400; -   ;24.280;10.000;$ 122
4-ene;B/BERMEJA;CARTAGENA;1338;160;885548;886931;1383; Revisar Km. ;34.010;;34.010;0:00:00;0:00;0:00:00;24:55:03;2;$ 245.956;18;540.700;160;1.273.600;45.900;47.600; -   ;39.000;20.000;$ 135
4-ene;B/BERMEJA;CARTAGENA;1338;160;488871;490290;1419; Revisar Km. ;33.471;;33.471;0:00:00;0:00;0:00:00;28:57:20;2;$ 245.956;18;567.000; -   ; -   ;45.900;47.600; -   ; -   ;20.000;$ 135
4-ene;B/BERMEJA;SAN JUAN NEPOMUCENO;1372;145;944996;946197;1201; -   ;33.680;;33.680;0:00:00;0:00;0:00:00;24:40:38;2;$ 245.956;12;343.500; -   ; -   ;45.900;40.800; -   ;60.000;44.000;$ 122
4-ene;MOSQUERA;B/BERMEJA;N/A;0;803846;804284;438;#­VALOR!;14.450;14.450; -   ;0:00:00;0:00;0:00:00;3:42:31;1;$ 122.978;4;191.800;145;1.248.446;22.950;20.400; -   ; -   ;39.200; $ - 
4-ene;B/BERMEJA;LA PUTANA;100;23;322160;322247;87; -   ;33.200;;33.200;0:00:00;0:00;0:00:00;1:45:22;1;$ 122.978;0; -   ;170;149.940; -   ;13.600; -   ;104.850;10.000;$ 20
5-ene;B/BERMEJA;LA PAYOA;68;30;23915;24013;98; -   ;32.610;32.610; -   ;0:55:00;0:40;1:30:00;4:47:02;1;$ 122.978;0; -   ; -   ; -   ; -   ;13.600; -   ; -   ; -   ;$ 20
6-ene;B/BERMEJA;CARTAGENA;1338;160;1052855;1054234;1379; Revisar Km. ;33.190;33.140;50;0:00:00;0:00;0:00:00;35:41:23;2;$ 245.956;18;540.700;150;1.197.576;45.900;54.400; -   ; -   ;32.000;$ 135
6-ene;B/BERMEJA;CARTAGENA;1338;160;314808;315923;1115; -   ;33.702;33.905;-203;0:00:00;0:00;0:00:00;32:38:57;2;$ 245.956;18;540.700;157;1.256.404;45.900;54.400; -   ; -   ;20.000;$ 135
7-ene;B/BERMEJA;CARTAGENA;1338;160;872394;873769;1375; -   ;33.505;33.540;-35;0:00:00;0:00;0:00:00;28:49:22;3;$ 368.934;18;540.700; -   ; -   ;45.900;54.400; -   ;142.000;12.000;$ 135
7-ene;B/BERMEJA;CARTAGENA;1338;160;886939;888323;1384; Revisar Km. ;33.941;33.880;61;0:00:00;0:00;0:00:00;32:22:15;2;$ 245.956;18;540.700;150;1.194.000;45.900;47.600; -   ; -   ;20.000;$ 135
8-ene;B/BERMEJA;BOGOTA;944;141;920666;921640;974; -   ;32.380;32.520;-140;5:08:00;1:40;51:00:00;29:21:23;3;$ 368.934;10;526.200;151;1.324.762;68.850;68.000; -   ;57.000;50.000;$ 125
8-ene;B/BERMEJA;SAN JUAN NEPOMUCENO;1372;145;946204;946890;686; -   ;33.780;33.780; -   ;1:44:00;2:46;30:00:00;15:57:52;2;$ 245.956;9;279.700;142;1.133.170;45.900;61.200; -   ;60.000;26.000;$ 122
8-ene;B/BERMEJA;LA LIZAMA;68;30;24066;24166;100; -   ;32.950;32.950; -   ;0:00:00;0:00;0:00:00;5:22:03;1;$ 122.978;0; -   ;100;879.000; -   ;13.600; -   ;30.000; -   ;$ 34
9-ene;B/BERMEJA;LA PAYOA;68;30;24151;24253;102; -   ;33.090;33.090; -   ;0:57:00;6:53;2:10:00;3:08:04;1;$ 122.978;0; -   ; -   ; -   ; -   ;13.600; -   ;15.000; -   ;$ 20
10-ene;B/BERMEJA;MOSQUERA;850;144;803403;803846;443; -   ;27.830;27.830; -   ;11:39:00;0:42;16:20:00;56:46:33;8;$ 983.824;14;643.100;21;186.680;127.950;108.800; -   ;63.000;100.000; $ - 
11-ene;B/BERMEJA;B/MANGA;440;73;558467;558605;138; -   ; -   ; -   ; -   ;0:00:00;0:00;0:00:00;;2;$ 245.956;1;19.500; -   ; -   ;45.900;47.600; -   ; -   ;61.000; $ - 
11-ene;B/BERMEJA;LA PUTANA;100;23;24252;24355;103; -   ;;31.990;-31.990;1:05:00;3:40;2:00:00;2:47:45;1;$ 122.978;0; -   ; -   ; -   ; -   ;13.600; -   ; -   ; -   ;$ 20
12-ene;B/BERMEJA;LA PUTANA;100;23;24350;24457;107; -   ;32.790;32.790; -   ;1:05:00;0:20;1:30:00;3:43:43;1;$ 122.978;0; -   ; -   ; -   ; -   ;13.600; -   ; -   ; -   ;$ 20
13-ene;B/BERMEJA;LA LIZAMA;68;30;24461;24557;96; -   ;32.250;32.250; -   ;2:10:00;1:30;2:00:00;3:53:15;1;$ 122.978;0; -   ;20;175.800; -   ;13.600; -   ; -   ; -   ;$ 34
13-ene;B/BERMEJA;LA PAYOA;68;30;24461;24565;104; -   ;33.090;33.090; -   ;2:10:00;1:30;2:00:00;4:36:27;1;$ 122.978;0; -   ; -   ; -   ; -   ;13.600; -   ; -   ; -   ;$ 20
14-ene;B/BERMEJA;CARTAGENA;1338;160;824282;826152;1870; Revisar Km. ;32.471;;32.471;0:00:00;0:00;0:00:00;63:09:44;6;$ 737.868;18;569.200;268;3.009.219;22.950;40.800; -   ; -   ;29.000; $ - 
14-ene;B/BERMEJA;CARTAGENA;1338;160;947076;949032;1956; Revisar Km. ;33.190;33.160;30;0:00:00;0:00;0:00:00;60:28:24;7;$ 860.846;20;575.800;294;2.477.274;22.950;40.800; -   ;190.000;30.000;$ 135
14-ene;B/BERMEJA;CARTAGENA;1338;160;873769;875104;1335; -   ;33.370;33.340;30;0:00:00;0:00;0:00:00;64:10:37;6;$ 737.868;18;542.800;228;3.462.723;22.950;40.800; -   ; -   ;7.000;$ 135
14-ene;B/BERMEJA;CARTAGENA;1338;160;572681;574598;1917; Revisar Km. ;33.150;33.000;150;0:00:00;0:00;0:00:00;48:16:59;5;$ 614.890;20;576.800;225;2.261.093;22.950;40.800; -   ;195.000;10.000;$ 135
14-ene;B/BERMEJA;CARTAGENA;1338;160;1054234;1056190;1956; Revisar Km. ;32.979;32.990;-11;0:00:00;0:00;0:00:00;65:45:13;7;$ 860.846;18;542.800;247;2.158.139;45.900;54.400; -   ;380.000;47.000;$ 135
14-ene;B/BERMEJA;CARTAGENA;1338;160;921673;923590;1917; Revisar Km. ;33.200;33.140;60;0:00:00;0:00;0:00:00;60:21:22;6;$ 737.868;20;576.800;258;2.280.242;45.900;40.800; -   ;574.000;10.000;$ 135
14-ene;SAN JUAN NEPOMUCENO;B/BERMEJA;N/A;0;946890;948123;1233;#­VALOR!; -   ; -   ; -   ;0:00:00;0:00;0:00:00;41:58:15;5;$ 614.890;9;259.300;237;1.944.800; -   ;20.400; -   ; -   ;45.000; $ - 
14-ene;B/BERMEJA;CARTAGENA;1338;160;121820;123115;1295; -   ;;33.730;-33.730;0:00:00;0:00;0:00:00;35:01:56;8;$ 983.824;20;576.800;240;2.138.756;45.900;27.200; -   ;80.000;70.000;$ 135
14-ene;B/BERMEJA;CARTAGENA;1338;160;490310;492258;1948; Revisar Km. ;33.507;33.670;-163;0:00:00;0:00;0:00:00;63:21:37;7;$ 860.846;18;569.200;228;1.856.670;22.950;54.400; -   ; -   ;60.000;$ 135
14-ene;B/BERMEJA;LA PUTANA;100;23;492272;492370;98; -   ;32.980;32.980; -   ;0:00:00;0:00;0:00:00;9:00:00;1;$ 122.978;0; -   ; -   ; -   ; -   ;13.600; -   ; -   ; -   ;$ 20
14-ene;B/BERMEJA;CARTAGENA;1338;160;316090;317511;1421; Revisar Km. ;33.439;33.430;9;0:00:00;0:00;0:00:00;63:09:44;6;$ 737.868;18;542.200;273;2.382.089;114.750;129.200; -   ;100.000;136.000;$ 130
15-ene;B/BERMEJA;TANGUA;2204;356;275342;277741;2399; Revisar Km. ;33.630;33.600;30;0:55:00;0:45;48:50:00;64:10:39;5;$ 614.890;27;990.300;373;3.478.969;91.800;108.800; -   ;174.000;87.000;$ 275
15-ene;B/BERMEJA;MOSQUERA;850;144;123721;124307;586; -   ;32.600;32.600; -   ;10:50:00;12:40;20:20:00;53:57:18;8;$ 983.824;9;471.300;128;1.125.157;45.900;47.600; -   ;32.000;22.000; $ - 
15-ene;B/BERMEJA;LA LIZAMA;68;30;875104;875795;691; Revisar Km. ;33.120;33.120; -   ;0:00:00;0:00;0:00:00;3:01:47;1;$ 122.978;0; -   ;17;149.377; -   ;13.600; -   ; -   ; -   ;$ 34
15-ene;B/BERMEJA;LA LIZAMA;68;30;24558;24655;97; -   ;33.300;33.300; -   ;0:43:00;1:27;2:30:00;5:14:49;1;$ 122.978;0; -   ;20;175.800; -   ;13.600; -   ; -   ; -   ;$ 34
15-ene;B/BERMEJA;LA PUTANA;100;23;24656;24754;98; -   ;33.510;33.510; -   ;0:57:00;0:36;2:00:00;3:04:31;1;$ 122.978;0; -   ;20;175.800; -   ;13.600; -   ; -   ; -   ;$ 20
16-ene;B/BERMEJA;B/MANGA;440;73;1056190;1056554;364; -   ;33.350;33.510;-160;17:53:00;0:47;14:00:00;13:36:38;1;$ 122.978;4;122.700;59;514.795;22.950;34.000; -   ; -   ;34.000;$ 78
16-ene;B/BERMEJA;LA PAYOA;68;30;24755;24852;97; -   ;33.040;33.040; -   ;1:07:00;4:30;1:30:00;3:33:22;1;$ 122.978;0; -   ;20;175.800; -   ;13.600; -   ; -   ; -   ;$ 20
17-ene;B/BERMEJA;MOSQUERA;850;144;123151;123721;570; -   ;31.110;31.110; -   ;1:56:00;0:24;12:30:00;25:26:46;2;$ 245.956;9;467.900;201;1.768.081;45.900;40.800; -   ; -   ; -   ; $ - 
17-ene;CARTAGENA;B/BERMEJA;N/A;0;558603;560010;1407;#­VALOR!;35.110;35.110; -   ;0:00:00;0:00;0:00:00;44:28:12;3;$ 368.934;18;575.500;145;1.273.706;68.850;61.200; -   ;151.000;40.000; $ - 
17-ene;B/BERMEJA;SAN JERONIMO;780;120;948123;948861;738; -   ;33.600;33.600; -   ;0:48:00;1:37;16:30:00;22:43:49;2;$ 245.956;;399.100;129;1.131.657;45.900;54.400; -   ; -   ;22.000;$ 120
17-ene;B/BERMEJA;LA PUTANA;100;23;24955;25053;98; -   ;32.850;32.850; -   ;1:16:00;0:44;1:20:00;3:43:49;1;$ 122.978;0; -   ;20;175.800; -   ;13.600; -   ; -   ; -   ;$ 20
18-ene;B/BERMEJA;ARAUCA-CALDAS;1094;160;277741;278710;969; -   ;33.620;33.620; -   ;1:23:00;0:27;16:00:00;37:38:42;3;$ 368.934;10;373.000;167;1.468.809;45.900;61.200; -   ;80.000;10.000;$ 140
18-ene;B/BERMEJA;CARTAGENA;1338;160;111254;112628;1374; -   ;34.000;34.003;33.940;0:00:00;0:00;0:00:00;30:29:46;2;$ 245.956;18;552.500;166;1.458.973;45.900;54.400; -   ; -   ;30.000;$ 135
18-ene;B/BERMEJA;MOSQUERA;850;144;1056554;1057418;864; -   ;33.130;33.130; -   ;5:28:00;0:30;12:30:00;26:24:07;1;$ 122.978;9;471.300;135;1.166.443;22.950;40.800; -   ;30.000;10.000; $ - 
18-ene;B/BERMEJA;CARTAGENA;1338;160;317522;318633;1111; -   ;33.488;33.510;-22;0:00:00;0:00;0:00:00;33:00:01;2;$ 245.956;18;552.500;161;1.414.249;45.900;54.400; -   ;509.000;20.000;$ 135
18-ene;B/BERMEJA;LA PUTANA;100;23;875795;876066;271; Revisar Km. ;32.920;32.920; -   ;3:21:00;1:44;1:50:00;3:50:56;1;$ 122.978;0; -   ; -   ; -   ; -   ;13.600; -   ; -   ; -   ;$ 20
18-ene;B/BERMEJA;LA PUTANA;100;23;25053;25151;98; -   ;33.670;33.670; -   ;1:48:00;0:56;1:20:00;2:42:29;1;$ 122.978;0; -   ;25;219.750; -   ;13.600; -   ; -   ; -   ;$ 20
19-ene;B/BERMEJA;BOGOTA;944;141;949032;950067;1035; Revisar Km. ;33.770;33.800;-30;8:59:00;0:37;23:00:00;30:24:45;3;$ 368.934;9;531.000;161;1.410.079;68.850;68.000; -   ;380.000;34.000;$ 125
20-ene;B/BERMEJA;B/MANGA;440;73;278710;278909;199; -   ; -   ; -   ; -   ;0:00:00;0:00;0:00:00;;2;$ 245.956;3;66.900;21;183.825; -   ;34.000; -   ; -   ;40.000; $ - 
20-ene;B/BERMEJA;LA LIZAMA;68;30;875971;876065;94; -   ;33.290;33.290; -   ;1:25:00;1:08;1:40:00;3:16:56;1;$ 122.978;0; -   ;42;372.986; -   ;20.400; -   ; -   ; -   ;$ 34
20-ene;B/BERMEJA;LA LIZAMA;68;30;25223;25319;96; -   ;33.020;33.020; -   ;1:27:00;0:14;1:30:00;0:29:09;1;$ 122.978;0; -   ;25;219.750; -   ;13.600; -   ;40.000; -   ;$ 34
21-ene;B/BERMEJA;B/MANGA;440;73;574600;574849;249; -   ; -   ; -   ; -   ;0:00:00;0:00;0:00:00;;5;$ 614.890;3;61.400;27;238.525;68.850;88.400; -   ; -   ;73.000; $ - 
21-ene;B/BERMEJA;SAN JERONIMO;780;120;112628;892403;779775; Revisar Km. ;34.190;34.190; -   ;2:09:00;0:35;12:00:00;21:40:42;2;$ 245.956;10;402.900;127;1.124.395;45.900;54.400; -   ; -   ;20.000;$ 120
21-ene;B/BERMEJA;ARAUCA-CALDAS;1094;160;318633;319419;786; -   ;33.760;33.760; -   ;1:35:00;0:39;24:30:00;27:52:45;2;$ 245.956;;333.300;163;1.430.001;45.900;40.800; -   ;30.000;18.000;$ 140
21-ene;B/BERMEJA;TANGUA;2204;356;492370;494660;2290; Revisar Km. ;33.290;33.320;-30;2:09:00;1:21;60:40:00;63:28:20;5;$ 614.890;26;1.075.100;350;2.923.253;114.750;102.000; -   ;36.000;41.000;$ 275
21-ene;B/BERMEJA;LA PUTANA;100;23;25319;25412;93; -   ;33.060;33.060; -   ;1:17:00;0:25;2:00:00;3:54:27;1;$ 122.978;0; -   ; -   ; -   ; -   ;13.600; -   ; -   ; -   ;$ 20
22-ene;B/BERMEJA;MOSQUERA;850;144;560067;560977;910; Revisar Km. ;23.280;23.280; -   ;2:13:00;0:38;30:30:00;26:00:25;3;$ 368.934;9;424.800;153;439.448;22.950;81.600; -   ;15.000;80.000; $ - 
22-ene;B/BERMEJA;MONTERREY;1528;253;948861;950237;1376; -   ;33.720;33.720; -   ;1:49:00;0:30;46:30:00;42:37:23;3;$ 368.934;18;762.300;227;2.032.578;68.850;68.000; -   ; -   ;36.000;$ 189
22-ene;B/BERMEJA;LA PUTANA;100;23;25412;25510;98; -   ;33.480;33.480; -   ;0:00:00;0:00;0:00:00;5:53:14;1;$ 122.978;0; -   ;40;351.600; -   ;13.600; -   ; -   ; -   ;$ 30
23-ene;B/BERMEJA;SAN JERONIMO;780;120;1057418;1058184;766; -   ;33.310;33.310; -   ;1:37:00;0:33;20:50:00;55:25:16;3;$ 368.934;10;402.900;124;1.088.266;68.850;68.000; -   ;130.000;66.000;$ 120
23-ene;B/BERMEJA;MOSQUERA;850;144;805155;806036;881; -   ;27.590;27.590; -   ;15:30:00;0:10;20:00:00;32:54:39;12;$ 1.475.736;9;470.400;154;1.362.510;105.000;115.600; -   ;35.000;205.000; $ - 
23-ene;B/BERMEJA;LA LIZAMA;68;30;25515;25613;98; -   ;33.080;33.080; -   ;1:31:00;0:17;1:20:00;9:16:48;1;$ 122.978;0; -   ;21;184.590; -   ;13.600; -   ; -   ; -   ;$ 34
23-ene;B/BERMEJA;LA PUTANA;100;23;494671;494775;104; -   ;32.000;32.000; -   ;22:58:00;1:00;1:50:00;6:30:56;1;$ 122.978;0; -   ;19;167.063; -   ;13.600; -   ; -   ; -   ;$ 20
24-ene;CARTAGENA;B/BERMEJA;N/A;0;892404;893838;1434;#­VALOR!;34.730;34.730; -   ;3:00:00;0:30;24:00:00;34:26:22;3;$ 368.934;18;587.400;164;1.445.849;68.850;74.800; -   ;40.000;20.000; $ - 
24-ene;B/BERMEJA;LA PAYOA;68;30;494775;494888;113; Revisar Km. ;32.630;32.630; -   ;1:15:00;0:21;2:00:00;3:45:32;1;$ 122.978;0; -   ;17;149.720; -   ;6.800; -   ;22.000;42.000;$ 20
24-ene;B/BERMEJA;SAN JERONIMO;780;120;319419;320030;611; -   ;33.710;33.710; -   ;0:00:00;0:00;0:00:00;22:54:04;2;$ 245.956;10;402.900;131;1.143.439;45.900;47.600; -   ;255.000;28.000;$ 120
24-ene;B/BERMEJA;BOGOTA;944;141;574853;575758;905; -   ;32.000;32.000; -   ;2:40:00;1:00;22:20:00;27:32:41;2;$ 245.956;10;494.400;117;1.029.949;45.900;47.600; -   ;15.000;10.000;$ 125
24-ene;B/BERMEJA;LA PUTANA;100;23;806039;806139;100; -   ;32.950;32.950; -   ;1:17:00;0:11;2:00:00;4:43:12;1;$ 122.978;0; -   ;17;156.672; -   ;13.600; -   ; -   ; -   ;$ 20
24-ene;B/BERMEJA;LA PUTANA;100;23;320030;320111;81; -   ;33.890;33.890; -   ;1:16:00;0:15;2:30:00;4:48:13;1;$ 122.978;0; -   ;15;123.721; -   ;13.600; -   ; -   ; -   ;$ 20
24-ene;B/BERMEJA;LA LIZAMA;68;30;1058184;1058279;95; -   ;32.720;32.720; -   ;1:09:00;0:11;1:40:00;4:21:41;1;$ 122.978;0; -   ;20;175.800; -   ;20.400; -   ; -   ; -   ;$ 34
24-ene;B/BERMEJA;LA LIZAMA;68;30;25613;25712;99; -   ;33.470;33.470; -   ;1:31:00;0:17;1:20:00;2:00:48;1;$ 122.978;0; -   ;21;184.590; -   ;13.600; -   ;31.000; -   ;$ 34
25-ene;B/BERMEJA;ARAUCA-CALDAS;1094;160;876066;877045;979; -   ;32.990;32.990; -   ;2:01:00;0:21;23:00:00;38:13:57;4;$ 491.912;8;333.300;160;1.408.297;91.800;95.200; -   ;122.000;52.000;$ 140
25-ene;B/BERMEJA;MOSQUERA;850;144;560977;561879;902; Revisar Km. ;32.840;32.840; -   ;6:10:00;0:30;17:40:00;22:55:13;2;$ 245.956;9;476.800;140;1.227.192;45.900;34.000; -   ;40.000;18.000; $ - 
26-ene;B/BERMEJA;CHIGORODO;1170;205;950237;951469;1232; Revisar Km. ;33.350;33.350; -   ;1:52:00;0:49;29:30:00;42:00:40;3;$ 368.934;10;402.400;221;1.965.336;68.850;74.800; -   ;263.000;36.000;$ 180
27-ene;B/BERMEJA;LA PUTANA;100;23;494888;495000;112; -   ;32.980;32.980; -   ;1:25:00;0:11;1:30:00;6:02:23;1;$ 122.978;0; -   ;20;175.686; -   ;6.800; -   ;150.000; -   ;$ 20
27-ene;B/BERMEJA;LA LIZAMA;68;30;25742;25833;91; -   ;31.690;31.690; -   ;2:02:00;0:18;1:30:00;7:16:19;1;$ 122.978;0; -   ;21;184.590; -   ;13.600; -   ; -   ; -   ;$ 34
28-ene;B/BERMEJA;TANGUA;2204;356;278909;281202;2293; Revisar Km. ;33.500;33.470;30;1:58:00;0:22;59:30:00;64:26:04;6;$ 737.868;26;1.075.100;380;3.521.576;137.700;136.000; -   ;209.000;81.000;$ 275
28-ene;B/BERMEJA;LA LIZAMA;68;30;877045;877142;97; -   ;32.480;32.480; -   ;0:50:00;6:10;2:50:00;4:21:58;1;$ 122.978;0; -   ; -   ; -   ; -   ;13.600; -   ;90.000; -   ;$ 34
28-ene;B/BERMEJA;ARAUCA-CALDAS;1094;160;1058279;1059254;975; -   ;32.970;32.970; -   ;0:56:00;0:30;26:49:00;32:08:46;2;$ 245.956;8;333.300;209;175.600;45.900;61.200; -   ;58.000;18.000;$ 140
28-ene;B/BERMEJA;MOSQUERA;850;144;806145;807056;911; Revisar Km. ;20.420;20.420; -   ;15:20:00;0:20;51:00:00;30:52:39;3;$ 368.934;9;401.000;159;1.406.105;35.000;54.400; -   ;73.000;108.000; $ - 
28-ene;B/BERMEJA;LA PAYOA;68;30;25847;25944;97; -   ;32.750;32.750; -   ;1:11:00;0:30;1:45:00;5:04:37;1;$ 122.978;0; -   ;21;184.590; -   ;13.600; -   ; -   ; -   ;$ 20
29-ene;CARTAGENA;B/BERMEJA;N/A;0;893838;895240;1402;#­VALOR!;34.650;34.730;-80;0:00:00;0:00;0:00:00;31:45:43;3;$ 368.934;18;587.400;160;1.406.399;68.850;74.800; -   ;40.000;20.000; $ - 
30-ene;B/BERMEJA;BOGOTA;944;141;807056;808039;983; -   ;28.420;28.420; -   ;6:00:00;0:45;20:00:00;30:31:57;2;$ 245.956;10;468.400;160;1.418.578;35.000;47.600; -   ;15.000;59.000; $ - 
31-ene;B/BERMEJA;SAN JERONIMO;780;120;281201;281945;744; -   ;33.560;33.560; -   ;0:56:00;0:40;37:00:00;25:53:16;3;$ 368.934;10;403.900;129;1.130.735;68.850;68.000; -   ; -   ;36.000;$ 120
31-ene;CARTAGENA;B/BERMEJA;N/A;0;895242;896643;1401;#­VALOR!;34.700;34.700; -   ;0:00:00;0:00;0:00:00;30:57:20;2;$ 245.956;18;587.400;160;1.306.399;45.900;47.600; -   ; -   ;8.000; $ - 
31-ene;B/BERMEJA;LA PUTANA;100;23;321935;322019;84; -   ;33.700;33.700; -   ;0:50:00;0:30;1:40:00;4:04:34;1;$ 122.978;0; -   ; -   ; -   ; -   ;13.600; -   ; -   ; -   ;$ 20
31-ene;B/BERMEJA;LA LIZAMA;68;30;260939;261037;98; -   ;32.880;32.880; -   ;2:08:00;0:30;2:00:00;1:45:07;1;$ 122.978;0; -   ;21;184.590; -   ;13.600; -   ; -   ; -   ;$ 34
1-feb;B/BERMEJA;MOSQUERA;850;144;923631;924534;903; Revisar Km. ;28.180;28.190;-10;13:30:00;0:30;24:30:00;24:39:25;3;$ 368.934;9;427300; -   ; -   ;68.850;74.800; -   ;126.000;90.000; $ - 
1-feb;B/BERMEJA;BOGOTA;944;141;1059254;1060207;953; -   ;28.040;28.040; -   ;5:36:00;0:30;23:30:00;39:52:28;3;$ 368.934;10;509.900;170;1.492.593;68.850;54.400; -   ; -   ;60.000; $ - 
2-feb;B/BERMEJA;ARAUCA-CALDAS;1094;160;561879;562889;1010; -   ;33.280;33.280; -   ;0:50:00;6:50;26:00:00;33:52:27;5;$ 614.890;8;333.300;145;1.273.093;114.500;115.600; -   ;24.000;54.000;$ 143
2-feb;B/BERMEJA;MOSQUERA;850;144;950067;951117;1050; Revisar Km. ;33.580;33.580; -   ;0:59:00;0:28;15:00:00;36:51:56;12;$ 1.475.736;11;502.800; -   ; -   ;275.400;258.400;176.000;341.490;192.000;$ 120
2-feb;B/BERMEJA;SAN JERONIMO;780;120;495753;496520;767; -   ;33.060;33.060; -   ;0:55:00;2:10;19:00:00;26:37:13;3;$ 368.934;10;426.800;152; -   ;68.700;61.200; -   ; -   ;55.000;$ 120
2-feb;B/BERMEJA;LA PUTANA;100;23;496520;496624;104; -   ;33.090;33.090; -   ;0:48:00;0:30;2:00:00;5:29:15;1;$ 122.978;0; -   ;18; -   ; -   ;13.600; -   ; -   ; -   ;$ 20
2-feb;B/BERMEJA;LA PUTANA;100;23;322020;322101;81; -   ;33.790;33.790; -   ;1:00:00;2:35;3:00:00;5:06:10;1;$ 122.978;0; -   ;60;527.426; -   ;20.400; -   ; -   ; -   ;$ 20
3-feb;B/BERMEJA;TANGUA;2204;356;951469;953716;2247; Revisar Km. ;33.540;33.540; -   ;2:32:00;0:30;52:30:00;60:59:59;5;$ 614.890;26;1.032.400;357;3.268.597;114.750;122.400;61.000;18.000;36.000;$ 275
3-feb;B/BERMEJA;BOGOTA;944;141;;;0; -   ; -   ; -   ; -   ;0:00:00;0:00;0:00:00;;4;$ 491.912;0; -   ; -   ; -   ;45.900;61.200;37.000; -   ;167.000; $ - 
3-feb;B/BERMEJA;LA PUTANA;100;23;322101-7;322184-3;83; -   ;33.100;33.100; -   ;1:00:00;2:35;3:00:00;5:30:07;1;$ 122.978;0; -   ;20;175.932; -   ;6.800; -   ; -   ; -   ;$ 20
4-feb;B/BERMEJA;PUERTO COLOMBIA;0;0;1060207;1061505;1298; Revisar Km. ;33.020;33.020; -   ;0:47:00;0:43;23:00:00;30:10:34;3;$ 368.934;17;688.100;146;1.168.295;45.900;47.600; -   ;32.000;20.000;$ 120
4-feb;B/BERMEJA;TANGUA;2204;356;877142;879409;2267; Revisar Km. ;32.820;32.820; -   ;1:21:00;0:33;67:00:00;70:16:45;6;$ 737.868;26;1.075.100;366;3.108.081;137.400;115.600; -   ;272.000;37.000;$ 275
4-feb;B/BERMEJA;LA LIZAMA;68;30;496624;496725;101; -   ;33.080;33.080; -   ;2:26:00;1:00;2:30:00;4:12:41;1;$ 122.978;0; -   ; -   ; -   ; -   ; -   ; -   ; -   ; -   ;$ 20
5-feb;B/BERMEJA;MOSQUERA;850;144;924540;925450;910; Revisar Km. ;26.790;26.790; -   ;5:55:00;0:50;26:00:00;26:51:30;2;$ 245.956;9;389.400;158; -   ;45.800;47.600; -   ; -   ;20.000; $ - 
5-feb;B/BERMEJA;LA PUTANA;100;23;322247;322398;151; Revisar Km. ;33.230;33.230; -   ;0:53:00;0:27;1:50:00;4:21:50;1;$ 122.978;0; -   ;17;149.456; -   ;6.800; -   ; -   ; -   ;$ 20
5-feb;B/BERMEJA;LA PUTANA;100;23;496725;496849;124; -   ;33.620;33.620; -   ;1:10:00;0:35;1:50:00;4:44:11;1;$ 122.978;0; -   ; -   ; -   ; -   ; -   ; -   ; -   ; -   ;$ 20
6-feb;B/BERMEJA;B/MANGA;440;73;198891;199177;286; -   ;;; -   ;0:00:00;0:00;0:00:00;;7;$ 860.846;3;20.200;24;215.258; -   ;47.600; -   ; -   ;140.000; $ - 
6-feb;B/BERMEJA;MOSQUERA;850;144;199177;200124;947; Revisar Km. ;25.780;21.850;3.930;10:50:00;12:40;20:20:00;25:33:17;9;$ 1.106.802;9;427.300; -   ; -   ;208.700;163.200; -   ;65.000;157.000; $ - 
6-feb;B/BERMEJA;LA LIZAMA;68;30;496849;496948;99; -   ;32.580;32.580; -   ;1:05:00;0:55;1:55:00;3:49:00;1;$ 122.978;0; -   ; -   ; -   ; -   ;6.800; -   ; -   ; -   ;$ 20
7-feb;CARTAGENA;B/BERMEJA;N/A;0;896662;898070;1408;#­VALOR!;32.750;32.750; -   ;0:00:00;0:00;0:00:00;32:00:58;3;$ 368.934;20;619.500;160;1.273.600;68.700;54.400;400.000;41.000;44.000; $ - 
7-feb;B/BERMEJA;B/MANGA;440;73;;;0; -   ;;; -   ;0:00:00;0:00;0:00:00;;5;$ 614.890;1;20.200;20;178.600;114.500;122.400; -   ; -   ;134.000; $ - 
7-feb;B/BERMEJA;TANGUA;2204;356;951117;953419;2302; Revisar Km. ;33.560;33.590;-30;0:57:00;0:30;49:00:00;58:36:21;5;$ 614.890;26;1.075.100;377;3.379.292;91.600;102.000;70.000;144.000;20.000;$ 275
7-feb;B/BERMEJA;LA LIZAMA;68;30;496952;497048;96; -   ;32.930;32.930; -   ;0:56:00;1:00;1:40:00;2:00:00;1;$ 122.978;0; -   ;142; -   ; -   ; -   ; -   ;76.000; -   ;$ 34
8-feb;B/BERMEJA;SAN JUAN NEPOMUCENO;1372;145;322398;323608;1210; -   ;33.000;33.000; -   ;0:43:00;2:27;19:00:00;33:03:22;2;$ 245.956;12;408.400;146;1.166.255;45.800;54.400; -   ;11.500;24.000;$ 122
8-feb;B/BERMEJA;BOGOTA;944;141;577205;578122;917; -   ;27.510;27.460;50;0:50:00;0:35;27:20:00;27:19:53;4;$ 491.912;10;460.400;154;1.351.491;110.800;88.400; -   ;38.000;85.000; $ - 
8-feb;B/BERMEJA;SAN JUAN NEPOMUCENO;1372;145;562902;564162;1260; -   ;33.580;33.580; -   ;0:55:00;2:40;21:20:00;29:10:34;2;$ 245.956;12;408.400;139;1.117.523;45.900;40.800; -   ; -   ;8.000;$ 122
8-feb;B/BERMEJA;TANGUA;2204;356;281945;283780;1835; -   ;33.500;33.500; -   ;1:56:00;1:50;51:00:00;56:49:24;4;$ 491.912;28;1.225.800;372; -   ;91.800;102.000; -   ;101.000;48.000;$ 275
9-feb;B/BERMEJA;ARAUCA-CALDAS;1094;160;200185-6;201166-4;981; -   ;33.610;33.610; -   ;0:52:00;4:18;26:10:00;38:22:34;2;$ 245.956;10;484.000;144;1.261.407;45.900;54.400; -   ;134.999;28.000;$ 143
10-feb;B/BERMEJA;SAN JUAN NEPOMUCENO;1372;145;879409;880527;1118; -   ;32.940;32.940; -   ;0:45:00;1:00;16:30:00;38:17:10;3;$ 368.934;12;408.400;149;1.195.270;45.800;160.300; -   ; -   ; -   ;$ 122
10-feb;B/BERMEJA;SAN JUAN NEPOMUCENO;1372;145;954459;955563;1104; -   ;33.730;33.730; -   ;0:45:00;0:45;12:50:00;23:50:29;2;$ 245.956;12;408.400;147;1.182.169;45.900;54.400; -   ;35.000;34.000;$ 122
10-feb;B/BERMEJA;MOSQUERA;850;144;1061505;1062420;915; Revisar Km. ;29.020;28.850;170;2:50:00;1:10;15:00:00;25:02:28;2;$ 245.956;9;476.800;158;1.386.338;35.000;40.800;160.000; -   ;40.000; $ - 
10-feb;B/BERMEJA;SAN JERONIMO;780;120;953716;954453;737; -   ;33.740;33.740; -   ;0:50:00;0:30;23:00:00;31:33:43;4;$ 491.912;10;402.900;127;1.115.835;91.800;95.200; -   ; -   ;100.000;$ 120
11-feb;B/BERMEJA;SAN JUAN NEPOMUCENO;1372;145;497048;498294;1246; -   ;33.250;33.250; -   ;0:55:00;1:00;23:50:00;29:30:03;2;$ 245.956;12;432.000;240;1.910.400;45.900;54.400; -   ;33.000;20.000;$ 122
11-feb;B/BERMEJA;SAN JUAN NEPOMUCENO;1372;145;578124;579313;1189; -   ;32.000;32.000; -   ;1:20:00;0:57;25:50:00;31:10:20;2;$ 245.956;12;432.000;140;1.122.571;45.900;47.600; -   ;12.000;20.000;$ 122
11-feb;B/BERMEJA;SAN JUAN NEPOMUCENO;1372;145;323608;324817;1209; -   ;34.140;34.140; -   ;1:30:00;0:40;25:50:00;28:07:16;2;$ 245.956;12;408.400;145;1.167.499;45.900;54.400; -   ;41.000;40.000;$ 122
11-feb;B/BERMEJA;BOGOTA;944;141;808039;808969;930; -   ;28.860;26.650;2.210;1:17:00;0:33;30:20:00;30:47:09;7;$ 860.846;10;509.900;233;2.062.729;220.900;149.600; -   ;110.000;55.000; $ - 
11-feb;B/BERMEJA;LA PUTANA;100;23;955554;955652;98; -   ;32.400;32.400; -   ;0:50:00;1:00;2:00:00;10:45:10;1;$ 122.978;0; -   ;17;146.204; -   ;13.600; -   ; -   ; -   ;$ 20
11-feb;B/BERMEJA;SAN JUAN NEPOMUCENO;1372;145;497048;498294;1246; -   ;33.250;33.250; -   ;0:55:00;1:00;23:50:00;29:30:03;2;$ 245.956;12;432.000;155;1.910.400;45.900;54.400; -   ;33.000;20.000;$ 122
11-feb;B/BERMEJA;SAN JUAN NEPOMUCENO;1372;145;578124;579313;1189; -   ;32.000;32.000; -   ;1:20:00;0:57;25:50:00;31:10:20;2;$ 245.956;12;432.000;140;1.122.571;45.900;47.600; -   ;12.000;20.000;$ 120
13-feb;B/BERMEJA;MOSQUERA;850;144;898074;898976;902; Revisar Km. ;28.000;28.000; -   ;22:50:00;1:00;20:15:00;25:50:55;3;$ 368.934;9;427.300;151;1.324.650;68.850;68.000; -   ;32.000;100.000; $ - 
13-feb;B/BERMEJA;ARAUCA-CALDAS;1094;160;564162;565172;1010; -   ;33.570;33.570; -   ;0:45:00;2:08;27:20:00;29:32:48;3;$ 368.934;10;413.700;145;1.273.093;68.850;68.000; -   ;40.000;44.000;$ 143
13-feb;B/BERMEJA;CARTAGENA;1338;160;498311;500048;1737; Revisar Km. ;32.969;33.040;-71;0:00:00;0:00;0:00:00;;1;$ 122.978;18;588.700;210;1.824.620; -   ; -   ; -   ;45.000;70.000;$ 135
14-feb;B/BERMEJA;LA PUTANA;100;23;565172;565275;103; -   ;32.910;32.910; -   ;1:06:00;1:09;2:00:00;4:21:18;1;$ 122.978;0; -   ;19;169.524; -   ;13.600; -   ; -   ; -   ;$ 20
14-feb;B/BERMEJA;TANGUA;2204;356;953419;955760;2341; Revisar Km. ;33.330;33.390;-60;12:54:00;1:32;42:00:00;62:30:24;6;$ 737.868;26;1.033.500;365;3.308.030;137.700;136.000;90.000;92.600;86.000;$ 275
15-feb;B/BERMEJA;LA PAYOA;68;30;955760;955862;102; -   ;32.790;32.790; -   ;0:56:00;0:30;1:40:00;5:40:04;1;$ 122.978;0;0;33;293.806; -   ;13.600; -   ; -   ;20.000;$ 20
15-feb;B/BERMEJA;LA PUTANA;100;23;565176;565398;222; Revisar Km. ;31.020;31.020; -   ;0:54:00;0:10;1:50:00;4:30:22;1;$ 122.978;0;0;20;173.699; -   ;6.800; -   ; -   ;20.000;$ 20
17-feb;B/BERMEJA;LA PUTANA;100;23;899094;899196;102; -   ;32.000;32.000; -   ;3:15:00;0:45;2:00:00;6:44:12;1;$ 122.978;0;0;17;146.529; -   ;13.600; -   ; -   ; -   ;$ 20
17-feb;B/BERMEJA;TANGUA;2204;356;283750;285588;1838; -   ;33.530;33.560;-30;0:57:00;0:55;60:00:00;41:48:44;4;$ 491.912;27;1.155.500;363;3.348.603;137.700;122.400;60.000;836.000; -   ;$ 275
17-feb;B/BERMEJA;LA PUTANA;100;23;898991;899093;102; -   ;32.000;32.000; -   ;3:15:00;0:45;2:00:00;6:44:12;1;$ 122.978;0;0; -   ;290.158; -   ; -   ; -   ; -   ;20.000;$ 20
18-feb;B/BERMEJA;B/MANGA;440;73;49247;49507;260; -   ; -   ; -   ;;0:00:00;0:00;0:00:00;9:57:06;1;$ 122.978;3;61.400;66;609.732; -   ;20.400;322.900; -   ; -   ; $ - 
19-feb;B/BERMEJA;PUERTO COLOMBIA;0;0;899198;900504;1306; Revisar Km. ;33.270;33.270; -   ;1:40:00;0:40;15:00:00;16:28:10;2;$ 245.956;12;683.700;151;1.324.829; -   ; -   ; -   ; -   ; -   ;$ 120
19-feb;B/BERMEJA;CUCUTA;834;138;26518-4;27201-6;683; -   ; -   ; -   ; -   ;0:00:00;0:00;0:00:00;;2;$ 245.956;7;206.000;17;120.000;45.900;40.800;12.800; -   ;105.000; $ - 
20-feb;B/BERMEJA;SAN JUAN NEPOMUCENO;1372;145;579315;581029;1714; Revisar Km. ;33.030;33.030; -   ;0:45:00;1:30;17:30:00;53:12:09;1;$ 122.978;18;557.400;160;1.424.613;22.950;54.400;130.000;10.000;33.000;$ 122
20-feb;B/BERMEJA;BOGOTA;944;141;285588;286340;752; -   ;33.640;33.670;-30;0:49:00;0:37;16:00:00;30:25:06;3;$ 368.934;10;509.900; -   ;1.281.751;45.900;54.400; -   ;24.000;22.000;$ 125
20-feb;B/BERMEJA;CHIGORODO;1170;205;955862;957101;1239; Revisar Km. ;32.880;32.880; -   ;0:57:00;0:37;25:30:00;43:48:39;3;$ 368.934;10;402.900;190;1.668.202;68.850;68.000;30.000;60.000;90.000;$ 180
20-feb;B/BERMEJA;CARTAGENA;1338;160;955752;957435;1683; Revisar Km. ;33.180;33.180;;0:00:00;0:00;0:00:00;53:27:46;9;$ 1.106.802;18;557.400;214;1.899.683;45.900;54.400; -   ; -   ;88.000;$ 135
21-feb;B/BERMEJA;TANGUA;2204;356;925460;927825;2365; Revisar Km. ;33.130;32.940;190;0:57:00;0:50;71:50:00;55:58:05;4;$ 491.912;28;1.148.900;343;3.202.009;91.800;95.200; -   ;22.000;20.000;$ 275
21-feb;B/BERMEJA;CARTAGENA;1338;160;324832;326566;1734; Revisar Km. ;32.980;32.880;100;0:00:00;0:00;0:00:00;58:45:57;8;$ 983.824;18;561.300;251;2.191.742;22.950;47.600; -   ;35.000;56.000;$ 135
21-feb;B/BERMEJA;CARTAGENA;1338;160;880527;882393;1866; Revisar Km. ;;; -   ;0:00:00;0:00;0:00:00;43:12:51;6;$ 737.868;18;561.300;252;2.196.273;45.900;54.400; -   ;27.000;13.000;$ 135
21-feb;B/BERMEJA;CARTAGENA;1338;160;927802;929420;1618; Revisar Km. ;33.004;33.330;-326;0:00:00;0:00;0:00:00;49:43:32;7;$ 860.846;18;561.300;416;3.497.974;45.900;68.000; -   ;309.000;52.000;$ 135
21-feb;B/BERMEJA;CARTAGENA;1338;160;808969;810750;1781; Revisar Km. ;32.998;32.980;18;0:00:00;0:00;0:00:00;55:23:27;7;$ 860.846;18;588.800;248;1.908.520;22.950;54.400; -   ;58.000;26.000;$ 135
21-feb;B/BERMEJA;CARTAGENA;1338;160;1062432;1064176;1744; Revisar Km. ;32.460;32.270;190;0:00:00;0:00;0:00:00;51:28:25;7;$ 860.846;18;589.000;251;2.190.324;45.900;54.400; -   ;116.000;44.000;$ 135
22-feb;B/BERMEJA;SAN JUAN NEPOMUCENO;1372;145;201166-4;203009-6;1843; Revisar Km. ;33.590;33.590; -   ;0:50:00;1:45;16:00:00;49:02:44;9;$ 1.106.802;18;557.400;208;1.845.643;45.900;40.800; -   ; -   ;25.000;$ 122
22-feb;B/BERMEJA;SAN JUAN NEPOMUCENO;1372;145;957435;958632;1197; -   ;32.000;32.000; -   ;0:50:00;2:20;16:00:00;28:17:26;2;$ 245.956;12;408.400;143;1.253.911;45.900;54.400; -   ;25.000;22.000;$ 122
23-feb;B/BERMEJA;VILLAVICENCIO;0;0;900504;901641;1137; Revisar Km. ;32.780;32.980;-200;1:00:00;12:40;32:00:00;35:36:31;2;$ 245.956;16;943.500;160;1.404.802;45.900;61.200; -   ;33.000;34.000;$ 175
24-feb;B/BERMEJA;CARTAGENA;1338;160;918765;920295;1530; Revisar Km. ;15.820;15.820; -   ;0:00:00;0:00;0:00:00;;6;$ 737.868;18;588.800;328;2.883.208;45.900;47.600; -   ; -   ; -   ; $ - 
24-feb;B/BERMEJA;CUCUTA;834;138;920295;921205;910; Revisar Km. ;32.190;32.190; -   ;2:30:00;0:50;35:15:00;;3;$ 368.934;10;330.200;173;1.521.883;68.850;61.200; -   ; -   ; -   ; $ - 
24-feb;CARTAGENA;B/BERMEJA;N/A;0;927834;929274;1440;#­VALOR!;33.350;33.360;-10;0:00:00;0:00;0:00:00;34:53:42;3;$ 368.934;20;647.600;160;1.406.399;68.850;74.800; -   ;100.000;50.000; $ - 
24-feb;B/BERMEJA;MOSQUERA;850;144;581030;581917;887; -   ;15.200;15.020;180;16:40:00;1:00;29:30:00;30:47:20;2;$ 245.956;9;427.300;104;913.647;45.900;54.400; -   ;24.000;40.000; $ - 
24-feb;B/BERMEJA;BOGOTA;944;141;565399;566329;930; -   ;30.990;31.260;-270;10:00:00;0:35;19:10:00;31:18:11;5;$ 614.890;10;509.900;162;1.425.532;137.950;102.000; -   ; -   ;60.000; $ - 
24-feb;B/BERMEJA;B/MANGA;440;73;1541;1641;100; -   ; -   ; -   ; -   ;0:00:00;0:00;0:00:00;;1;$ 122.978;1;20.200;22;200.000; -   ;20.400; -   ; -   ;36.000; $ - 
24-feb;B/BERMEJA;VILLAVICENCIO;0;0;500048;501211;1163; Revisar Km. ;32.840;32.840; -   ;1:30:00;1:10;25:30:00;16:56:20;1;$ 122.978;16;1.013.400;160;1.404.793;45.900;54.400; -   ;46.000;30.000;$ 175
24-feb;B/MANGA;B/BERMEJA;N/A;0;736;841;105;#­VALOR!; -   ; -   ; -   ;0:00:00;0:00;0:00:00;;1;$ 122.978;1;20.200;22;200.000; -   ;20.400;60.000; -   ;40.000; $ - 
24-feb;B/BERMEJA;B/MANGA;440;73;754;880;126; -   ; -   ; -   ; -   ;0:00:00;0:00;0:00:00;;6;$ 737.868;1;20.200;30;272.000;91.800;95.200;20.000; -   ;54.000; $ - 
24-feb;B/BERMEJA;B/MANGA;440;73;770;886;116; -   ; -   ; -   ; -   ;0:00:00;0:00;0:00:00;;12;$ 1.475.736;1;20.200;22;200.000; -   ;20.400; -   ; -   ;169.000; $ - 
24-feb;B/BERMEJA;B/MANGA;440;73;622;737;115; -   ; -   ; -   ; -   ;0:00:00;0:00;0:00:00;;3;$ 368.934;1;20.200;20;181.360; -   ;40.800; -   ;500.000;90.000; $ - 
25-feb;B/BERMEJA;MEDELLIN;650;105;957101;957749;648; -   ;33.370;33.720;-350;16:30:00;1:00;18:50:00;19:23:13;2;$ 245.956;8;284.500;157;1.378.460;45.900;47.600; -   ;32.000;28.000;$ 80
25-feb;B/BERMEJA;ARAUCA-CALDAS;1094;160;882393;883417;1024; -   ;33.540;33.540; -   ;1:05:00;0:45;23:30:00;33:46:02;2;$ 245.956;8;333.300;167;1.465.191;45.900;54.400; -   ; -   ;18.000;$ 143
25-feb;B/BERMEJA;SAN JERONIMO;780;120;126881;127337;456; -   ;33.590;33.560;30;0:53:00;0:50;12:00:00;28:19:58;5;$ 614.890;10;402.900;128;1.121.138;91.800;95.200; -   ; -   ;36.000;$ 122
25-feb;B/BERMEJA;B/MANGA;440;73;921220;921620;400; -   ; -   ; -   ; -   ;0:00:00;0:00;0:00:00;;1;$ 122.978;3;61.400; -   ; -   ; -   ;13.600; -   ; -   ;323.000; $ - 
25-feb;B/BERMEJA;CARTAGENA;1338;160;826839;828774;1935; Revisar Km. ;33.495;33.520;-25;0:00:00;0:00;0:00:00;49:55:24;7;$ 860.846;18;565.200;421;3.602.402;22.950;27.200; -   ;129.000;10.000;$ 135
25-feb;B/BERMEJA;PUERTO COLOMBIA;0;0;326566;327862;1296; Revisar Km. ;32.930;32.860;70;1:55:00;1:10;74:10:00;31:15:28;3;$ 368.934;18;683.700;153;1.341.609;68.850;74.800; -   ; -   ; -   ;$ 120
26-feb;B/BERMEJA;MEDELLIN;650;105;901644;902271;627; -   ;33.660;33.660; -   ;0:50:00;0:45;16:55:00;20:29:56;1;$ 122.978;8;284.500;110;965.800;22.950;27.200; -   ;37.000;10.000;$ 80
26-feb;B/BERMEJA;MOSQUERA;850;144;86346;287049;200703; Revisar Km. ;28.390;28.390; -   ;20:10:00;0:45;25:40:00;28:42:00;5;$ 614.890;9;427.300;139;1.218.939;45.900;61.200; -   ;132.000;124.000; $ - 
26-feb;B/BERMEJA;MOSQUERA;850;144;1064176;1065042;866; -   ;32.610;32.610; -   ;6:20:00;0:40;22:00:00;14:55:19;2;$ 245.956;9;503.200;160;1.404.791;45.900;54.400; -   ;148.000;60.000;$ 123
27-feb;B/BERMEJA;B/BERMEJA;N/A;0;;;0;#­VALOR!; -   ; -   ; -   ;0:00:00;0:00;0:00:00;;; $ -   ;0;0; -   ; -   ; -   ; -   ; -   ;40.000; -   ; $ - 
27-feb;B/BERMEJA;SAN JUAN NEPOMUCENO;1372;145;501211;502452;1241; -   ;33.710;33.710;;1:45:00;0:40;13:00:00;26:54:11;3;$ 368.934;12;432.000;141;1.241.605;68.850;61.200; -   ; -   ;49.000;$ 122
27-feb;B/BERMEJA;PUERTO COLOMBIA;0;0;957749;959045;1296; Revisar Km. ;33.620;33.600;20;0:50:00;0:50;19:40:00;28:26:39;2;$ 245.956;17;683.700;155;1.365.597;45.900;47.600; -   ;60.000;20.000;$ 120
27-feb;B/BERMEJA;CUCUTA;834;138;127377;127836;459; -   ;32.820;32.850;-30;2:10:00;1:05;18:40:00;27:20:52;2;$ 245.956;6;186.900;152;1.339.025;45.900;47.600;50.000;372.700;26.000;$ 145
28-feb;B/BERMEJA;VILLAVICENCIO;0;0;929420;930598;1178; Revisar Km. ;33.300;33.300;;1:23:00;0:40;17:50:00;38:22:29;7;$ 860.846;16;943.500;200;1.755.993;137.700;142.800; -   ;245.000;34.000;$ 175
28-feb;B/BERMEJA;SAN JERONIMO;780;120;631;920;289; -   ;33.590;33.650;;0:50:00;0:44;19:40:00;30:55:26;2;$ 245.956;10;402.900;346;3.051.443;45.900;61.200; -   ;183.000; -   ;$ 122
28-feb;B/BERMEJA;LA LIZAMA;68;30;287063;287140;77; -   ;32.990;32.990; -   ;0:50:00;0:40;12:45:00;5:34:17;1;$ 122.978;0;0;17;149.043; -   ;6.800; -   ; -   ; -   ;$ 34
28-feb;B/BERMEJA;MOSQUERA;850;144;880;1781;901; Revisar Km. ;33.390;33.390; -   ;1:00:00;0:30;21:20:00;27:25:13;2;$ 245.956;9;476.800;300;2.644.173;45.900;40.800; -   ;102.812;10.000;$ 120
28-feb;B/BERMEJA;CUCUTA;834;138;1641;2390;749; -   ;33.500;33.400;100;1:23:00;0:40;19:00:00;28:15:41;2;$ 245.956;8;253.500;314;2.773.775;45.900;34.000; -   ;176.118;16.000;$ 145
28-feb;B/BERMEJA;MANIZALES;968;168;566407;567474;1067; Revisar Km. ;33.430;33.430; -   ;1:20:00;1:30;26:30:00;30:53:36;3;$ 368.934;10;484.000;171;1.501.200;68.700;74.800; -   ;20.000;40.000;$ 143
28-feb;B/BERMEJA;SAN JUAN NEPOMUCENO;1372;145;327862;329072;1210; -   ;32.000;32.000; -   ;1:40:00;0:40;22:00:00;27:45:33;3;$ 368.934;12;432.000;145;1.280.105;45.900;47.600; -   ; -   ;20.000;$ 122
29-feb;B/BERMEJA;BOGOTA;944;141;883417;884422;1005; Revisar Km. ;32.000;32.000; -   ;1:12:00;0:45;28:20:00;44:35:52;3;$ 368.934;11;546.600;160;1.403.380;68.850;61.200; -   ; -   ;20.000;$ 128
29-feb;B/BERMEJA;BOGOTA;944;141;581921;582826;905; -   ;27.540;27.240;300;5:45:00;0:30;26:25:00;32:08:00;3;$ 368.934;10;460.400;141;1.240.555;85.900;68.000; -   ;37.000;55.000; $ - 
29-feb;B/BERMEJA;ARROYO DE PIEDRA;1340;170;880;2170;1290; -   ;33.520;33.500;20;0:50:00;0:50;35:30:00;31:48:36;3;$ 368.934;18;632.300;296;2.605.233;68.850;68.000; -   ;125.206;20.000;$ 130
29-feb;B/BERMEJA;SAN JERONIMO;780;120;861;1605;744; -   ;33.230;31.980;1.250;1:34:00;1:00;20:20:00;27:21:13;3;$ 368.934;10;402.900;264;2.464.923;68.850;74.800; -   ;121.000;30.000;$ 120
29-feb;B/BERMEJA;MOSQUERA;850;144;1065052;1065955;903; Revisar Km. ;34.070;34.070; -   ;1:30:00;1:00;17:20:00;25:40:55;2;$ 245.956;9;476.800;151;1.325.773;45.900;47.600; -   ;25.000;7.000;$ 120
1-mar;B/BERMEJA;MOSQUERA;850;144;959045;959925;880; -   ;33.350;33.350; -   ;0:50:00;0:27;14:35:00;22:27:06;1;$ 122.978;9;476.800;146;1.278.976;22.950;34.000; -   ;145.000; -   ;$ 120
1-mar;B/BERMEJA;TANGUA;2204;356;810750;813043;2293; Revisar Km. ;33.590;33.320;270;0:49:00;1:06;49:30:00;63:54:31;9;$ 1.106.802;26;1.075.100;470;4.427.664;216.800;176.800; -   ; -   ;110.000;$ 275
2-mar;B/BERMEJA;SAN JUAN NEPOMUCENO;1372;145;920;1642;722; -   ;33.120;33.370;-250;1:23:00;1:00;19:05:00;24:55:39;2;$ 245.956;12;408.400;134;1.176.506;45.900;40.800; -   ;80.000;30.000;$ 122
2-mar;B/BERMEJA;CARTAGENA;1338;160;929286;930723;1437; Revisar Km. ;34.670;34.530;140;0:00:00;0:00;0:00:00;30:04:24;3;$ 368.934;18;588.800;160;1.407.086;68.850;61.200; -   ;52.000;22.000; $ - 
2-mar;B/BERMEJA;LA LIZAMA;68;30;26757;26817;60; -   ;33.090;33.090; -   ;1:00:00;2:20;2:15:00;3:44:11;1;$ 122.978;0;0;100;879.000; -   ;6.800; -   ; -   ; -   ;$ 34
2-mar;B/BERMEJA;MEDELLIN;650;105;1605;2187;582; -   ;33.270;33.270; -   ;0:45:00;0:35;15:30:00;18:08:43;1;$ 122.978;8;284.500;88;774.466;22.950;87.200; -   ;35.000;10.000;$ 80
2-mar;B/BERMEJA;CARTAGENA;1338;160;2390;3712;1322; -   ;33.006;32.850;156;0:00:00;0:00;0:00:00;22:47:03;2;$ 245.956;18;561.300;144;1.155.411;45.900;61.200; -   ; -   ;18.000;$ 135
2-mar;B/BERMEJA;CARTAGENA;1338;160;1781;3110;1329; -   ;32.959;32.940;19;0:00:00;0:00;0:00:00;29:53:11;2;$ 245.956;18;561.300;134;1.076.365;45.900;61.200; -   ;69.500;18.000;$ 135
2-mar;B/BERMEJA;CARTAGENA;1338;160;2170;3497;1327; -   ;33.007;33.010;-3;0:00:00;0:00;0:00:00;29:05:37;2;$ 245.956;18;561.300;143;1.143.735;45.900;61.200; -   ; -   ;18.000;$ 135
2-mar;B/BERMEJA;LA LIZAMA;68;30;26702;26757;55; -   ;33.300;33.300; -   ;1:00:00;2:20;2:15:00;4:39:55;1;$ 122.978;0;0; -   ; -   ; -   ;13.600; -   ; -   ; -   ;$ 34
2-mar;B/BERMEJA;LA LIZAMA;68;30;26812;26867;55; -   ;32.930;32.900;30;0:51:00;2:29;1:40:00;4:59:19;1;$ 122.978;0;0; -   ; -   ; -   ;13.600; -   ; -   ; -   ;$ 34
3-mar;B/BERMEJA;CARTAGENA;1338;160;902292;903681;1389; Revisar Km. ;34.009;34.020;-11;0:00:00;0:00;0:00:00;26:39:38;1;$ 122.978;18;561.300;166;1.328.860;22.950;40.800; -   ; -   ;10.000;$ 135
3-mar;B/BERMEJA;LA LIZAMA;68;30;26902;26991;89; -   ;31.720;31.720; -   ;0:51:00;2:29;1:40:00;5:14:33;1;$ 122.978;0;0;78;687.352; -   ;13.600; -   ;31.000; -   ;$ 34
3-mar;B/BERMEJA;SAN JUAN NEPOMUCENO;1372;145;884422;885647;1225; -   ;32.330;32.330; -   ;1:00:00;0:40;21:30:00;30:51:49;2;$ 245.956;12;432.000;155;1.361.527;45.900;54.400; -   ;235.500;10.000;$ 122
3-mar;B/BERMEJA;SAN JUAN NEPOMUCENO;1372;145;3726;4888;1162; -   ;33.280;33.360;-80;1:59:00;0:45;24:00:00;28:56:29;1;$ 122.978;12;408.400;130;1.043.301;22.950;46.800; -   ;82.916;8.000;$ 122
3-mar;B/BERMEJA;MONTERREY;1528;253;502455;503913;1458; -   ;32.900;32.900; -   ;1:27:00;1:40;0:00:00;42:12:00;3;$ 368.934;22;1.186.800;244;2.152.494;45.900;61.200; -   ; -   ;20.000;$ 189
3-mar;B/BERMEJA;TANGUA;2204;356;958632;960907;2275; Revisar Km. ;32.970;33.120;-150;2:20:00;1:45;46:20:00;60:00:13;8;$ 983.824;26;998.200;360;3.314.103;183.600;163.200; -   ;245.000;110.000;$ 275
3-mar;B/BERMEJA;SAN JUAN NEPOMUCENO;1372;145;127836;128641;805; -   ;33.130;31.420;1.710;1:46:00;0:30;14:00:00;28:24:49;2;$ 245.956;12;408.400;146;1.280.070;45.900;40.800; -   ;37.000;34.000;$ 122
3-mar;B/BERMEJA;MOSQUERA;850;144; ccfd;329963;#­VALOR!;#­VALOR!;33.720;33.880;-160;0:50:00;2:40;21:30:00;29:06:32;2;$ 245.956;9;476.800;147;1.288.590;45.900;47.600; -   ;30.000;20.000; $ - 
4-mar;B/BERMEJA;BOGOTA;944;141;1642;2173;531; -   ;33.480;33.630;-150;0:46:00;0:54;21:45:00;31:42:23;2;$ 245.956;9;464.300;143;1.252.695;45.900;47.600; -   ;65.370; -   ;$ 125
4-mar;B/BERMEJA;MOSQUERA;850;144;3110;3563;453; -   ;33.620;33.880;-260;1:00:00;0:40;24:50:00;16:41:32;1;$ 122.978;9;476.800;158;1.032.976;22.950;40.800; -   ;12.000;24.000;$ 120
4-mar;B/BERMEJA;SAN JUAN NEPOMUCENO;1372;145;287143-3;288127-1;984; -   ;34.000;34.020;-20;0:45:00;1:30;22:40:00;26:14:36;2;$ 245.956;12;408.400;148;1.304.937;45.900;47.600; -   ; -   ;20.000;$ 122
5-mar;B/BERMEJA;SAN JUAN NEPOMUCENO;1372;145;3497;4677;1180; -   ;32.880;33.020;-140;0:46:00;1:06;19:30:00;30:09:51;2;$ 245.956;12;408.400;132;989.665;45.900;61.200; -   ; -   ;30.000;$ 122
6-mar;B/BERMEJA;BOGOTA;944;141;582828;583733;905; -   ;27.670;27.710;-40;19:10:00;0:30;23:50:00;35:25:52;3;$ 368.934;10;460.400;141;1.239.809;80.900;61.200; -   ; -   ;60.000; $ - 
6-mar;B/BERMEJA;MOSQUERA;850;144;930598;931543;945; Revisar Km. ;27.480;25.250;2.230;6:20:00;1:00;12:20:00;43:01:38;5;$ 614.890;12;509.400;158;1.389.859;114.750;115.600; -   ;182.000;121.000; $ - 
6-mar;B/BERMEJA;SAN JUAN NEPOMUCENO;1372;145;931543;932806;1263; -   ;32.000;32.000; -   ;2:45:00;0:30;19:15:00;28:33:50;3;$ 368.934;12;432.000; -   ; -   ;68.850;20.400; -   ;747.000;20.000;$ 122
6-mar;B/BERMEJA;ARAUCA-CALDAS;1094;160;885647;886623;976; -   ;33.200;33.200; -   ;0:42:00;0:28;28:40:00;34:07:00;2;$ 245.956;8;333.300; -   ; -   ;45.900;61.200; -   ;20.000;10.000;$ 143
7-mar;B/BERMEJA;SAN JUAN NEPOMUCENO;1372;145;2173;2915;742; -   ;33.130;33.330;-200;0:51:00;0:39;22:35:00;34:50:03;2;$ 245.956;12;408.400;132;1.055.046;45.900;54.400; -   ;62.000;20.000;$ 122
7-mar;B/BERMEJA;B/MANGA;440;73;567528;567758;230; -   ; -   ; -   ; -   ;0:00:00;0:00;0:00:00;7:46:41;4;$ 491.912;3;61.400; -   ; -   ;68.850;81.600; -   ; -   ;49.000; $ - 
7-mar;CARTAGENA;B/BERMEJA;N/A;0;903710;905116;1406;#­VALOR!;34.890;34.890; -   ;0:00:00;0:00;0:00:00;16:29:24;1;$ 122.978;18;588.800; -   ; -   ;45.900;47.600; -   ;130.000;13.000; $ - 
7-mar;B/BERMEJA;SAN JUAN NEPOMUCENO;1372;145;4888;6054;1166; -   ;33.300;33.410;-110;4:10:00;4:30;25:15:00;38:46:47;2;$ 245.956;12;408.400;128;1.023.964;45.900;47.600; -   ;38.000;38.000;$ 122
7-mar;B/BERMEJA;SAN JUAN NEPOMUCENO;1372;145;4677;5845;1168; -   ;33.160;33.330;-170;0:47:00;0:40;17:25:00;27:14:30;2;$ 245.956;12;408.400;124;995.373;45.900;40.800; -   ; -   ;20.000;$ 120
8-mar;B/BERMEJA;TANGUA;2204;356;959925;962205;2280; Revisar Km. ;33.620;33.660;-40;2:05:00;0:23;49:10:00;58:03:46;4;$ 491.912;26;998.200;205;1.737.705;91.800;95.200; -   ;172.000;50.000;$ 275
8-mar;B/BERMEJA;SAN JUAN NEPOMUCENO;1372;145;3963;5132;1169; -   ;33.330;33.380;-50;0:46:00;0:40;18:40:00;28:36:12;2;$ 245.956;12;408.400;119;952.006;45.900;47.600; -   ;28.000;40.000;$ 122
9-mar;B/BERMEJA;VALLEDUPAR;942;136;2915;3512;597; -   ;33.310;33.210;100;1:20:00;0:50;11:40:00;34:27:35;2;$ 245.956;10;342.400;103;827.964;22.950;61.200; -   ;14.000;10.000;$ 110
9-mar;B/BERMEJA;TANGUA;2204;356;930726;933059;2333; Revisar Km. ;33.500;33.500; -   ;0:45:00;0:38;49:30:00;56:32:07;4;$ 491.912;28;1.148.900;282;2.306.287;91.800;81.600; -   ;10.000;40.000;$ 275
9-mar;B/BERMEJA;SAN JERONIMO;780;120;329963;330742;779; -   ;25.200;25.260;-60;2:20:00;0:50;23:20:00;23:31:05;2;$ 245.956;10;426.800; -   ; -   ;45.900;40.800; -   ; -   ;20.000;$ 122
9-mar;B/BERMEJA;MOSQUERA;850;144;583734;584588;854; -   ;18.130;14.760;3.370;3:46:00;0:26;0:00:00;33:58:32;2;$ 245.956;9;427.300;124;1.084.332;57.950;47.600; -   ;40.000;66.000; $ - 
9-mar;B/BERMEJA;ARROYO DE PIEDRA;1340;170;932806;934178;1372; -   ;33.000;33.000; -   ;0:49:00;0:31;21:00:00;29:50:32;2;$ 245.956;18;630.200;103;905.370;45.900;61.200; -   ; -   ;10.000;$ 135
9-mar;B/BERMEJA;VILLAVICENCIO;0;0;2187;2995;808; Revisar Km. ;32.810;32.810; -   ;0:50:00;1:05;35:00:00;26:04:33;5;$ 614.890;8;506.700; -   ; -   ;91.800;74.800; -   ;69.300;88.000;$ 175
9-mar;B/BERMEJA;MOSQUERA;850;144;813043;813924;881; -   ;21.650;18.990;2.660;3:28:00;0:50;23:20:00;33:21:18;2;$ 245.956;9;476.800; -   ; -   ;35.000;54.400; -   ;39.000;76.000; $ - 
9-mar;B/BERMEJA;ARAUCA-CALDAS;1094;160;6054;6985;931; -   ;33.390;33.390; -   ;0:57:00;2:40;0:00:00;29:13:03;1;$ 122.978;8;333.300;141;1.234.918;22.950;40.800; -   ;25.000; -   ;$ 143
10-mar;B/BERMEJA;SAN JUAN NEPOMUCENO;1372;145;5132;6301;1169; -   ;33.550;33.550; -   ;1:30:00;0:30;0:00:00;31:07:09;2;$ 245.956;12;408.400;121;968.756;45.900;54.400; -   ; -   ;20.000;$ 122
14-mar;B/BERMEJA;TANGUA;2204;356;905132;907535;2403; Revisar Km. ;34.130;34.250;-120;0:48:00;0:45;51:00:00;62:30:05;5;$ 614.890;28;1.067.700;349;3.248.204;114.750;108.800; -   ;32.000;66.000;$ 275
14-mar;CARTAGENA;B/BERMEJA;N/A;0;6985;8337;1352;#­VALOR!;34.760;34.760; -   ;0:00:00;0:00;0:00:00;35:50:11;3;$ 368.934;18;588.800;150;1.298.997;68.850;81.600; -   ; -   ;76.000; $ - 
14-mar;B/BERMEJA;BOGOTA;944;141;813924;814884;960; -   ;33.000;33.000;;2:35:00;0:55;0:00:00;26:04:13;3;$ 368.934;10;497.500;98;860.440;45.900;68.000; -   ;24.000;60.000;$ 125
15-mar;B/BERMEJA;B/MANGA;440;73;;;0; -   ; -   ; -   ; -   ;0:00:00;0:00;0:00:00;3:38:03;1;$ 122.978;2;41.200;48;416.826; -   ;13.600; -   ; -   ;28.000; $ - 
15-mar;B/BERMEJA;VALLEDUPAR;942;136;7955;8899;944; -   ;33.110;33.110;;0:47:00;1:58;22:10:00;10:24:23;3;$ 368.934;10;364.400;96;838.365;137.700;115.600; -   ; -   ;116.000;$ 110
16-mar;B/BERMEJA;PUERTO COLOMBIA;0;0;568574;569928;1354; Revisar Km. ;21.120;15.360;5.760;1:20:00;1:10;14:30:00;33:57:19;2;$ 245.956;17;644.500;140;1.212.397;45.900;68.000; -   ; -   ;58.000;$ 120
16-mar;B/BERMEJA;CALI;0;0;935184;;-935184; -   ; -   ; -   ; -   ;0:00:00;0:00;0:00:00;31:54:27;3;$ 368.934;;726.500;205;1.799.900;68.850;74.800; -   ;185.789;64.000; $ - 
16-mar;B/MANGA;B/BERMEJA;N/A;0;7011;8372;1361;#­VALOR!; -   ; -   ; -   ;0:00:00;0:00;0:00:00;34:09:36;3;$ 368.934;20;726.500;96;830.020;68.850;68.000; -   ; -   ;50.000; $ - 
17-mar;B/BERMEJA;CUCUTA;834;138;331957;332891;934; Revisar Km. ;32.910;32.910;;6:15:00;1:00;37:20:00;29:32:26;3;$ 368.934;10;330.200;118;1.021.880;68.850;68.000; -   ;530.000;20.000;$ 135
18-mar;B/BERMEJA;MOSQUERA;850;144;585497;586351;854; -   ;27.700;23.310;4.390;15:30;1:00;11:40:00;38:02:32;2;$ 245.956;9;427.300;130;1.125.139;57.950;47.600; -   ; -   ;40.000; $ - 
18-mar;B/BERMEJA;MOSQUERA;850;144;8337;9164;827; -   ;33.550;33.550; -   ;1:48:00;1:15;18:30:00;24:39:39;2;$ 245.956;9;476.800;125;1.079.208;45.900;40.800; -   ;65.199;18.000;$ 120
19-mar;B/BERMEJA;MANIZALES;968;168;8372;9307;935; -   ;33.380;33.380; -   ;0:50:00;0:50;25:20:00;33:54:33;3;$ 368.934;8;333.300;133;1.150.838;45.900;54.400; -   ;35.700;43.800;$ 143
19-mar;B/BERMEJA;SAN JERONIMO;780;120;4229;4762;533; -   ;33.110;33.110; -   ;0:50:00;0:40;21:00:00;13:47:29;6;$ 737.868;10;402.900;109;940.676;45.900;156.400; -   ;45.000;20.000;$ 122
20-mar;B/BERMEJA;PUERTO COLOMBIA;0;0;586353;587625;1272; Revisar Km. ;31.360;30.860;500;0:48:00;1:27;20:40:00;29:43:18;2;$ 245.956;17;735.100;135;1.168.673;45.900;47.600; -   ; -   ;20.000;$ 120
22-mar;B/BERMEJA;ARAUCA-CALDAS;1094;160;8899;9822;923; -   ;33.200;33.200; -   ;0:47:00;1:27;25:00:00;28:06:37;2;$ 245.956;10;484.000;137;1.114.667;45.900;47.600; -   ; -   ;58.800;$ 143
23-mar;B/BERMEJA;CARTAGENA;1338;160;332891;334803;1912; Revisar Km. ;33.500;32.970;530;0:00:00;0:00;0:00:00;63:42:13;7;$ 860.846;13;430.300;329;2.792.984;45.900;27.200; -   ; -   ;27.000;$ 135
24-mar;B/BERMEJA;MUTATA;1120;160;9307;10369;1062; -   ;34.150;34.150; -   ;0:47:00;2:03;23:15:00;37:19:19;3;$ 368.934;10;402.900;162;1.266.804;68.850;61.200; -   ;69.600;44.000;$ 175
25-mar;B/BERMEJA;SAN JUAN NEPOMUCENO;1372;145;7664;8829;1165; -   ;33.160;33.170;-10;0:45:00;1:05;14:45:00;25:38:22;2;$ 245.956;12;408.400;122;984.152;45.900;47.600; -   ; -   ;55.000;$ 122
25-mar;B/BERMEJA;TANGUA;2204;356;569930;572308;2378; Revisar Km. ;33.370;33.500;-130;0:50:00;1:30;55:00:00;53:47:57;7;$ 860.846;27;1.112.800; -   ;4.047.549;160.650;142.800; -   ;31.000;129.000;$ 275
25-mar;B/BERMEJA;CARTAGENA;1338;160;907564;909528;1964; Revisar Km. ;34.010;33.190;820;0:00:00;0:00;0:00:00;62:23:15;9;$ 1.106.802;16;625.900;307;2.679.032;45.900;61.200; -   ;250.000;83.000;$ 135
25-mar;B/BERMEJA;CARTAGENA;1338;160;963500;965438;1938; Revisar Km. ;33.473;33.473; -   ;0:00:00;0:00;0:00:00;57:57:37;10;$ 1.229.780;11;351.200;330;2.834.203;22.950;61.200; -   ;94.000;46.000;$ 135
25-mar;B/BERMEJA;CARTAGENA;1338;160;506234;508180;1946; Revisar Km. ;33.438;33.230;208;0:00:00;0:00;0:00:00;60:39:56;9;$ 1.106.802;17;571.100;287;2.514.301;45.900;54.400; -   ;110.000;35.000;$ 135
26-mar;B/BERMEJA;CARTAGENA;1338;160;933141;935003;1862; Revisar Km. ;33.949;33.950;-1;0:00:00;0:00;0:00:00;60:54:45;9;$ 1.106.802;17;633.600;245;2.134.806;45.900;54.900; -   ;80.000;10.000;$ 135
26-mar;B/BERMEJA;CARTAGENA;1338;160;964557;966450;1893; Revisar Km. ;32.982;33.060;-78;0:00:00;0:00;0:00:00;16:47:15;1;$ 122.978;14;448.000;347;2.987.922;45.900;41.328; -   ;185.000;67.000;$ 135
26-mar;B/BERMEJA;TANGUA;2204;356;9164;11369;2205; -   ;33.050;33.070;-20;0:48:00;0:57;49:30:00;60:44:08;7;$ 860.846;23;894.900;322;2.847.788;160.650;149.600; -   ; -   ;38.000;$ 275
27-mar;B/BERMEJA;CARTAGENA;1338;160;936593;938502;1909; Revisar Km. ;33.390;33.480;-90;0:00:00;0:00;0:00:00;67:40:10;9;$ 1.106.802;;404.300;308; -   ;22.950;34.000; -   ;463.000;132.000;$ 135
27-mar;B/BERMEJA;SAN JUAN NEPOMUCENO;1372;145;10369;11537;1168; -   ;34.400;34.340;60;1:45:00;0:40;24:30:00;27:06:36;3;$ 368.934;0;0;117;873.801;68.850;61.200; -   ; -   ;32.000;$ 122
28-mar;B/BERMEJA;CARTAGENA;1338;160;9874;11188;1314; -   ;33.004;33.170;-166;0:00:00;0:00;0:00:00;28:27:49;2;$ 245.956;0;0;138;1.036.057;45.900;61.200; -   ; -   ;20.000;$ 135
30-mar;B/BERMEJA;CARTAGENA;1338;160;572323;573742;1419; Revisar Km. ;33.014;33.170;-156;0:00:00;0:00;0:00:00;25:09:27;2;$ 245.956;0;0;55;410.795;45.900;61.200; -   ;33.000;35.000;$ 135
30-mar;B/BERMEJA;CARTAGENA;1338;160;8829;10151;1322; -   ;33.010;33.170;-160;0:00:00;0:00;0:00:00;28:57:45;2;$ 245.956;3;146.400;137;1.025.316;45.900;61.200; -   ;17.000;20.000;$ 135
30-mar;B/BERMEJA;SAN JUAN NEPOMUCENO;1372;145;11369;12535;1166; -   ;33.610;33.550;60;1:10:00;0:50;26:10:00;25:19:23;3;$ 368.934;0;0;136;1.058.208;92.950;74.800; -   ;28.000;22.000;$ 122
30-mar;B/BERMEJA;CARTAGENA;1338;160;965491;966833;1342; -   ;33.650;33.400;250;0:00:00;0:00;0:00:00;29:43:12;2;$ 245.956;0;0;112;868.000;95.000;61.200; -   ;360.000;20.000;$ 135
30-mar;B/BERMEJA;SAN JUAN NEPOMUCENO;1372;145;1070759;1071975;1216; -   ;33.350;32.890;460;0:51:00;0:24;24:10:00;25:01:06;4;$ 491.912;0;0;102;780.162;115.900;88.400; -   ; -   ;32.000;$ 122
31-mar;B/BERMEJA;CARTAGENA;1338;160;909530;910914;1384; Revisar Km. ;34.220;34.360;-140;0:00:00;0:00;0:00:00;28:18:31;2;$ 245.956;0;0;100;775.000;76.000;26.600; -   ; -   ;20.000;$ 135
31-mar;B/BERMEJA;CARTAGENA;1338;160;11537;12851;1314; -   ;34.610;34.720;-110;0:00:00;0:00;0:00:00;27:54:44;2;$ 245.956;0;0;136;1.051.465;60.950;54.400; -   ;45.000;20.000;$ 135
31-mar;B/BERMEJA;SAN JUAN NEPOMUCENO;1372;145;508187;509928;1741; Revisar Km. ;33.380;32.920;460;0:51:00;0:40;24:10:00;28:44:32;3;$ 368.934;0;0;130;862.328;92.950;68.000; -   ; -   ;34.000;$ 122
31-mar;B/BERMEJA;BOGOTA;944;141;587625;588563;938; -   ;32.000;32.000; -   ;11:34:00;12:50;20:50:00;19:50:34;2;$ 245.956;3;167.400;139;1.080.218;80.900;61.200; -   ;30.000;55.000;$ 128
31-mar;B/BERMEJA;BOGOTA;944;141;132037;132679;642; -   ;33.850;33.850; -   ;6:00:00;0:50;11:30:00;25:00:56;3;$ 368.934;0;0;90;675.500;70.000;47.600; -   ;413.300;20.000;$ 128
1-abr;B/BERMEJA;SAN JUAN NEPOMUCENO;1372;145;935045;936242;1197; -   ;34.140;34.180;-40;2:15:00;0:55;26:30:00;27:24:15;5;$ 614.890;0;0;79;590.051;114.750;102.000; -   ; -   ;10.000;$ 122
1-abr;B/BERMEJA;CARTAGENA;1338;160;11201;12514;1313; -   ;32.938;33.030;-92;0:00:00;0:00;0:00:00;29:06:46;2;$ 245.956;0;0;140;1.085.007;45.900;61.200; -   ; -   ;20.000;$ 135
2-abr;B/BERMEJA;CARTAGENA;1338;160;588581;589929;1348; -   ;32.460;32.790;-330;0:00:00;0:00;0:00:00;27:44:03;2;$ 245.956;0;0; -   ; -   ;70.000;34.000; -   ;25.000;21.000;$ 135
3-abr;B/BERMEJA;TANGUA;2204;356;334803;337087-2;2284; Revisar Km. ;33.370;33.370; -   ;1:13:00;0:40;56:00:00;41:15:28;6;$ 737.868;0;0;351;279.786;144.750;149.600; -   ;60.000;100.000;$ 275
3-abr;B/BERMEJA;TANGUA;2204;356;889846;892186;2340; Revisar Km. ;33.580;33.580; -   ;2:23:00;0:55;56:00:00;58:46:25;5;$ 614.890;0;0;354;2.820.583;155.000;227.000; -   ;165.000;60.000;$ 275
4-abr;B/BERMEJA;SAN JUAN NEPOMUCENO;1372;145;12851;14019;1168; -   ;34.320;34.320; -   ;2:51:00;0:55;24:00:00;28:10:27;2;$ 245.956;0;0;129;964.407;45.900;61.200; -   ;31.000;24.500;$ 122
4-abr;B/BERMEJA;CARTAGENA;1338;160;132696;133604;908; -   ;32.962;33.100;-138;0:00:00;0:00;0:00:00;30:45:54;2;$ 245.956;0;0;155;1.201.249;73.000;54.400; -   ;15.000;20.000;$ 135
4-abr;B/BERMEJA;SAN JUAN NEPOMUCENO;1372;145;;967654;967654; Revisar Km. ;33.540;33.050;490;1:40:00;0:45;23:00:00;23:21:16;6;$ 737.868;0;0;44;328.636;421.400;196.000; -   ;241.000;56.000;$ 122
5-abr;B/BERMEJA;SAN JUAN NEPOMUCENO;1372;145;910930;912078;1148; -   ;34.530;34.530; -   ;2:15:00;0:45;27:00:00;29:09:09;2;$ 245.956;0;0;137;1.061.749;60.000;72.800; -   ;137.000;40.000;$ 122
5-abr;B/BERMEJA;CARTAGENA;1338;160;967654;969050;1396; Revisar Km. ;33.507;33.650;-143;0:00:00;0:00;0:00:00;31:28:44;3;$ 368.934;0;0;160;1.214.570;73.000;90.000; -   ;30.000;16.000;$ 135
6-abr;B/BERMEJA;CARTAGENA;1338;160;966262;937608;-28654; -   ;33.590;33.590; -   ;0:00:00;0:00;0:00:00;28:11:05;2;$ 245.956;0;0;171;1.326.557;45.900;54.400; -   ;28.000;44.000;$ 135
6-abr;B/BERMEJA;TANGUA;2204;356;573744;576109;2365; Revisar Km. ;32.640;32.640; -   ;1:35:00;0:35;52:20:00;49:27:09;6;$ 737.868;0;0;438;3.469.664;30.000; -   ; -   ;10.000;110.000;$ 275
6-abr;B/BERMEJA;SAN JUAN NEPOMUCENO;1372;145;966829;968065;1236; -   ;33.040;33.040; -   ;4:50:00;0:40;23:40:00;34:16:10;2;$ 245.956;0;0;376;2.912.643;70.000;120.000; -   ;90.000;40.000;$ 122
6-abr;B/BERMEJA;CARTAGENA;1338;160;12527;13841;1314; -   ;32.993;33.080;-87;0:00:00;0:00;0:00:00;27:13:38;2;$ 245.956;0;0;138;1.034.096;45.900;54.400; -   ;75.330;10.000;$ 135
6-abr;B/BERMEJA;TANGUA;2204;356;938502;940770;2268; Revisar Km. ;34.400;34.400; -   ;1:20:00;0:40;57:00:00;53:45:37;6;$ 737.868;0;0;354;2.824.872;236.999;311.000; -   ;123.000;90.000;$ 275
6-abr;B/BERMEJA;CARTAGENA;1338;160;10151;11474;1323; -   ;32.938;33.050;-112;0:00:00;0:00;0:00:00;28:38:01;2;$ 245.956;0;0;135;1.055.852;45.900;61.200; -   ; -   ;20.000;$ 135
6-abr;B/BERMEJA;CARTAGENA;1338;160;11474;12798;1324; -   ;32.963;33.090;-127;0:00:00;0:00;0:00:00;19:42:20;2;$ 245.956;0;0;135;1.009.942;45.900;61.200; -   ;70.002;20.000;$ 135
6-abr;B/BERMEJA;CARTAGENA;1338;160;509434;510805;1371; -   ;33.399;33.360;39;0:00:00;0:00;0:00:00;29:559:44;3;$ 368.934;0;0;180;1.394.999;95.000;93.000; -   ;173.000;50.000;$ 135
6-abr;B/BERMEJA;SAN JUAN NEPOMUCENO;1372;145;589929;591135;1206; -   ;32.510;32.510; -   ;2:10:00;0:30;25:00:00;32:18:45;2;$ 245.956;0;0;122;915.453;80.000;108.000; -   ; -   ;44.000;$ 122
6-abr;B/BERMEJA;TANGUA;2204;356;292383;294269;1886; -   ;32.000;32.000; -   ;1:10:00;1:00;53:00:00;52:29:00;7;$ 860.846;0;0;421;3.340.600;245.000;163.200; -   ;35.000;90.000;$ 275
6-abr;B/BERMEJA;BOGOTA;944;141;337087;338008;921; -   ;34.130;34.130; -   ;6:37:00;0:45;26:30:00;21:17:20;2;$ 245.956;0;0;119;922.250;45.900;47.600; -   ; -   ;40.000;$ 128
7-abr;B/BERMEJA;CARTAGENA;1338;160;829560;830798;1238; -   ;31.591;31.760;-169;0:00:00;0:00;0:00:00;26:47:45;2;$ 245.956;0;0;158;1.264.627;60.000;72.200; -   ;32.000;20.000;$ 135
7-abr;B/BERMEJA;CARTAGENA;1338;160;892187;893545;1358; -   ;32.470;32.510;-40;0:00:00;0:00;0:00:00;30:43:53;2;$ 245.956;0;0;143;1.075.152;55.000;61.200; -   ;95.000;44.000;$ 135
8-abr;B/BERMEJA;CARTAGENA;1338;160;937623;938973;1350; -   ;33.984;34.050;-66;0:00:00;0:00;0:00:00;27:19:35;2;$ 245.956;0;0;155;1.167.535;45.900;47.600; -   ; -   ;22.000;$ 135
8-abr;B/BERMEJA;SAN JUAN NEPOMUCENO;1372;145;912078;913313;1235; -   ;34.700;34.700; -   ;2:15:00;0:45;27:00:00;25:02:32;2;$ 245.956;0;0;146;1.101.714;65.000;54.400; -   ; -   ;22.000;$ 122
8-abr;B/BERMEJA;CARTAGENA;1338;160;13853;15169;1316; -   ;32.941;33.000;-59;11:10:00;1:20;28:15:00;30:23:24;2;$ 245.956;0;0;139;1.040.993;30.000;68.000; -   ;89.000;20.000;$ 135
8-abr;B/BERMEJA;SAN JUAN NEPOMUCENO;1372;145;14019;15187;1168; -   ;34.240;34.240; -   ;1:53:00;0:37;25:30:00;26:45:46;2;$ 245.956;0;0;121;908.835;45.900;68.000; -   ;87.000;20.000;$ 122
8-abr;B/BERMEJA;BOGOTA;944;141;969050;969271;221; -   ;32.620;32.620; -   ;8:20:00;0:50;49:30:00;9:26:40;1;$ 122.978;0;0;150;1.162.500; -   ;84.000; -   ; -   ;15.000;$ 128
11-abr;B/BERMEJA;SAN JUAN NEPOMUCENO;1372;145;338008;339227;1219; -   ;27.320;27.320; -   ;1:00:00;0:50;25:00:00;21:07.31;2;$ 245.956;0;0;136;1.025.619;60.000;54.400; -   ;134.000;32.000;$ 122
13-abr;B/BERMEJA;SAN JUAN NEPOMUCENO;1372;145;576126;577400;1274; -   ;33.420;33.420; -   ;0:50:00;0:50;22:00:00;21:48:37;3;$ 368.934;0;0;38;283.822;70.000;130.000; -   ; -   ;59.000;$ 122
13-abr;B/BERMEJA;CARTAGENA;1338;160;12798;14123;1325; -   ;32.967;33.070;-103;0:47:00;0:30;28:15:00;30:48:06;2;$ 245.956;0;0;134;1.006.092;45.900;61.200; -   ;114.000;42.000;$ 135
13-abr;B/BERMEJA;TANGUA;2204;356;12535;14717;2182; -   ;32.940;32.940; -   ;0:45:00;0:45;45:56:00;55:22:17;11;$ 1.352.758;0;0;309;1.472.735;330.000;300.000; -   ;158.267;139.900;$ 275
13-abr;B/BERMEJA;BOGOTA;944;141;940770;941677;907; -   ;33.780;33.780; -   ;6:20:00;1:00;21:30:00;22:15:51;2;$ 245.956;0;0;98;759.500;60.000;104.000; -   ;71.000;20.000;$ 128
13-abr;B/BERMEJA;TANGUA;2204;356;1071975;1074320;2345; Revisar Km. ;33.100;33.100; -   ;1:35:00;0:35;45:28:00;48:42:48;9;$ 1.106.802;0;0;436;3.457.440;245.000;315.000; -   ;43.000;72.000;$ 275
13-abr;B/BERMEJA;SAN JUAN NEPOMUCENO;1372;145;591135;592334;1199; -   ;30.960;30.960; -   ;2:10:00;0:30;25:00:00;26:55:28;2;$ 245.956;0;0;143;1.086.755;80.000;61.200; -   ; -   ;35.000;$ 122
13-abr;B/BERMEJA;BOGOTA;944;141;510835;511761;926; -   ;33.710;33.710; -   ;9:55:00;0:45;26:20:00;23:36:02;2;$ 245.956;0;0;155;1.201.250;30.000;86.000; -   ; -   ;51.000;$ 128
19-abr;B/BERMEJA;TANGUA;2204;356;294269;296116;1847; -   ;33.690;33.690; -   ;1:10:00;1:00;53:00:00;53:37:42;10;$ 1.229.780;0;0;360;2.977.483;430.000;195.000; -   ;70.000;290.000;$ 275
20-abr;B/BERMEJA;BOGOTA;944;141;577410;578373;963; -   ;33.540;33.610;-70;0:45:00;0:45;14:30:00;22:35:09;3;$ 368.934;0;0;160;1.239.999;80.000;120.000; -   ;30.000;40.000;$ 125
20-abr;B/BERMEJA;SAN JUAN NEPOMUCENO;1372;145;913328;915143;1815; Revisar Km. ;34.140;34.140; -   ;1:45:00;0:50;25:50:00;54:40:03;6;$ 737.868;0;0;453;3.400.702;90.000;91.200; -   ;113.000;30.000;$ 122
20-abr;B/BERMEJA;SAN JUAN NEPOMUCENO;1372;145;15187;16961;1774; Revisar Km. ;34.280;34.280; -   ;1:05:00;0:55;29:05:00;56:22:08;7;$ 860.846;0;0;201;1.511.217;80.900;81.600; -   ;57.000;39.000;$ 122
20-abr;B/BERMEJA;CARTAGENA;1338;160;14123;15228;1105; -   ;33.360;33.360; -   ;0:47:00;0:30;28:15:00;34:28:05;7;$ 860.846;0;0;155;1.252.117;22.950;40.800; -   ;550.000;35.000;$ 135
20-abr;B/BERMEJA;CARTAGENA;1338;160;339227;341036;1809; Revisar Km. ;32.990;33.290;-300;0:50:00;0:50;28:00:00;52:34:19;6;$ 737.868;0;0;458;3.448.544;60.000;54.400; -   ;88.000;77.000;$ 135
20-abr;B/BERMEJA;TANGUA;2204;356;968065;970352;2287; Revisar Km. ;33.680;33.680; -   ;3:13:00;0:45;71:10:00;67:37:06;12;$ 1.475.736;0;0;278;2.255.254;455.000;242.000;20.000;40.000;281.000;$ 275
20-abr;B/BERMEJA;SAN JUAN NEPOMUCENO;1372;145;511761;513623;1862; Revisar Km. ;32.530;32.530; -   ;1:55:00;0:50;24:15:00;52:07:16;6;$ 737.868;0;0;141;3.312.348;95.000;87.000; -   ;100.000;55.000;$ 122
20-abr;B/BERMEJA;BOGOTA;944;141;969248;970254;1006; Revisar Km. ;32.620;32.620; -   ;8:20:00;0:50;49:30:00;36:33:58;4;$ 491.912;0;0;500;3.875.080;140.000;181.000; -   ;110.000;20.000;$ 128
20-abr;B/BERMEJA;CARTAGENA;1338;160;134532;135737;1205; -   ;31.280;31.520;-240;1:15:00;0:55;27:10:00;54:41:17;7;$ 860.846;0;0;458;3.439.413;67.000;91.000; -   ;22.000;53.000;$ 135
20-abr;B/BERMEJA;TANGUA;2204;356;893545;895837;2292; Revisar Km. ;33.700;33.700; -   ;3:40:00;0:40;57:00:00;60:16:06;11;$ 1.352.758;0;0;454;3.696.810;415.000;189.000; -   ;206.199;300.000;$ 275
20-abr;B/BERMEJA;MUTATA;1120;160;14723;15769;1046; -   ;33.730;33.730; -   ;2:20:00;1:20;27:30:00;35:09:37;2;$ 245.956;0;0;187;1.452.885;60.000;85.000; -   ;40.000;59.000;$ 175
20-abr;B/BERMEJA;CARTAGENA;1338;160;1074329;1076133;1804; Revisar Km. ; -   ; -   ; -   ;0:00:00;0:00;0:00:00;47:27:27;5;$ 614.890;0;0;284;1.570.325;60.000;105.000; -   ;45.000;27.000; $ - 
21-abr;B/BERMEJA;CARTAGENA;1338;160;938976;940740;1764; Revisar Km. ;32.380;32.700;-320;0:50:00;0:50;25:40:00;48:04:05;6;$ 737.868;0;0;443;3.327.044;45.900;34.000; -   ;250.000;39.000;$ 135
21-abr;B/BERMEJA;BOGOTA;944;141;578373;579261;888; -   ;21.320;21.320; -   ;0:45:00;0:45;14:30:00;16:36:39;2;$ 245.956;0;0;128;992.000;30.000;90.000; -   ; -   ;57.000;$ 125
22-abr;B/BERMEJA;CARTAGENA;1338;160;941701-8;943508;1806; Revisar Km. ; -   ; -   ; -   ;0:45:00;0:42;25:50:00;56:12:20;7;$ 860.846;0;0;425;3.810.138;60.000;60.000; -   ; -   ;31.000; $ - 
23-abr;B/BERMEJA;TANGUA;2204;356;15769;18050;2281; Revisar Km. ;33.620;33.660;-40;0:50:00;1:15;59:00:00;57:41:28;4;$ 491.912;0;0;355;2.947.657;143.000;168.000; -   ;270.615;69.000;$ 275
24-abr;B/BERMEJA;CARTAGENA;1338;160;592334;594140;1806; Revisar Km. ;32.690;32.950;-260;0:53:00;1:00;26:10:00;59:42:38;7;$ 860.846;0;0;469;3.539.761;60.000;78.000; -   ;78.000;60.000;$ 135
24-abr;B/BERMEJA;CARTAGENA;1338;160;594140;595248;1108; -   ;31.210;31.580;-370;1:30:00;0:40;22:40:00;30:59:02;1;$ 122.978;0;0; -   ; -   ;60.000;15.000; -   ;200.000;40.000;$ 135
24-abr;B/BERMEJA;CARTAGENA;1338;160;970254;971783;1529; Revisar Km. ;33.690;34.030;-340;2:47:00;0:50;23:10:00;30:44:04;2;$ 245.956;0;0;159;1.184.413;65.000;96.000; -   ;37.000;20.000;$ 135
25-abr;B/BERMEJA;CARTAGENA;1338;160;815125;816462;1337; -   ;31.250;31.450;-200;1:15:00;0:50;30:45:00;31:54:45;2;$ 245.956;0;0;131;975.623;45.900;61.200; -   ;13.000;25.000;$ 135
25-abr;B/BERMEJA;B/MANGA;440;73;18059;18282;223; -   ; -   ; -   ; -   ;0:00:00;0:00;0:00:00;7:30:35;1;$ 122.978;0;0;22;170.671; -   ;30.000; -   ;50.000; -   ; $ - 
27-abr;B/BERMEJA;CARTAGENA;1338;160;940736;942094;1358; -   ;33.260;33.570;-310;2:35:00;0:45;25:15:00;29:27:29;2;$ 245.956;0;0; -   ; -   ;45.900;54.400; -   ;155.000;20.000;$ 135
27-abr;B/BERMEJA;CARTAGENA;1338;160;579276;580713;1437; Revisar Km. ;31.700;31.970;-270;0:52:00;0:48;37:40:00;27:15:23;4;$ 491.912;0;0;144;1.068.162;70.000;126.000; -   ;150.000;48.000;$ 135
27-abr;B/BERMEJA;CARTAGENA;1338;160;15183;15796;613; -   ;33.570;33.830;-260;11:10:00;1:20;28:15:00;16:08:35;1;$ 122.978;0;0; -   ; -   ;22.950;40.800; -   ;25.000;10.000;$ 135
27-abr;B/BERMEJA;SAN JUAN NEPOMUCENO;1372;145;16281;16434;153; -   ;32.770;32.770; -   ;0:00:00;0:00;0:00:00;4:44:11;1;$ 122.978;0;0;160;1.291.478; -   ;40.800; -   ; -   ;11.000;$ 122
27-abr;B/BERMEJA;SAN JUAN NEPOMUCENO;1372;145;16583;16732;149; -   ;33.290;33.290; -   ;0:00:00;0:00;0:00:00;7:52:49;1;$ 122.978;0;0; -   ; -   ;22.950;20.400; -   ; -   ;10.000;$ 122
27-abr;B/BERMEJA;SAN JUAN NEPOMUCENO;1372;145;16732;16881;149; -   ;33.550;33.550; -   ;0:00:00;0:00;0:00:00;6:45:22;1;$ 122.978;0;0;58;471.018;22.950;20.400; -   ; -   ;10.000;$ 122
27-abr;B/BERMEJA;SAN JUAN NEPOMUCENO;1372;145;16434;16583;149; -   ;32.410;32.410; -   ;0:00:00;0:00;0:00:00;2:22:26;1;$ 122.978;0;0; -   ; -   ;22.950;20.400; -   ; -   ;35.000;$ 122
27-abr;B/BERMEJA;TANGUA;2204;356;16961;19211;2250; Revisar Km. ;34.550;34.600;-50;1:40:00;0:50;51:10:00;60:13:16;5;$ 614.890;0;0;303;2.525.875;114.750;122.400; -   ;120.000;70.000;$ 275
27-abr;B/BERMEJA;BOSCONIA;802;103;895837;896681;844; Revisar Km. ;32.300;32.410;-110;1:26:00;0:40;12:50:00;19:56:00;2;$ 245.956;0;0;22;162.646;70.000;71.000; -   ;203.000;59.000;$ 89
27-abr;B/BERMEJA;CARTAGENA;1338;160;943508;944885;1377; -   ;32.650;32.650; -   ;0:45:00;0:42;25:50:00;28:41:53;2;$ 245.956;0;0; -   ; -   ;60.000;64.000; -   ; -   ;20.000;$ 135
27-abr;B/BERMEJA;CARTAGENA;1338;160;;134523;134523; Revisar Km. ;32.938;33.000;-62;0:00:00;0:00;0:00:00;32:37:30;3;$ 368.934;0;0;166;1.250.698; -   ; -   ; -   ;24.000;20.000;$ 135
28-abr;B/BERMEJA;BOGOTA;944;141;296118;296913;795; -   ;33.620;33.620; -   ;21:40:00;1:00;50:05:00;25:27:42;3;$ 368.934;0;0;93;720.750;105.000;193.000; -   ;80.000;44.000;$ 128
28-abr;B/BERMEJA;TANGUA;2204;356;341036;343330;2294; Revisar Km. ;33.410;33.300;110;1:00:00;0:46;54:30:00;28:35:00;3;$ 368.934;0;0;206;1.736.580;114.750;122.400; -   ;290.000;70.000;$ 275
28-abr;B/BERMEJA;SAN JUAN NEPOMUCENO;1372;145;513630;514883;1253; -   ;32.000;32.000; -   ;1:30:00;0:45;49:40:00;26:47:39;3;$ 368.934;0;0; -   ; -   ;90.000;70.000; -   ;165.000;860.000;$ 122
28-abr;B/BERMEJA;MANIZALES;968;168;18285;19207;922; -   ;33.330;33.330; -   ;3:10:00;0:50;26:30:00;25:52:00;2;$ 245.956;0;0;144;1.120.921;60.000;87.000; -   ;121.800;10.000;$ 143
29-abr;B/BERMEJA;BOSCONIA;802;103;580715;581577;862; Revisar Km. ;33.230;33.260;-30;0:56:00;0:40;7:10:00;17:17:45;1;$ 122.978;0;0;90;697.500;30.000;90.000; -   ;18.000;10.000;$ 89
29-abr;B/BERMEJA;BOSCONIA;802;103;896681;897518;837; -   ;32.230;32.310;-80;0:50:00;0:44;15:10:00;21:20:03;2;$ 245.956;0;0;106;821.500;70.000;78.000; -   ;47.000;32.000;$ 89
30-abr;B/BERMEJA;PUERTO COLOMBIA;0;0;1076055;1077453;1398; Revisar Km. ;31.180;30.330;850;1:15:00;0:45;27:19:00;26:17:11;2;$ 245.956;0;0; -   ; -   ;45.900;54.400; -   ;31.000;23.000;$ 120
30-abr;B/BERMEJA;TANGUA;2204;356;970358;972648;2290; Revisar Km. ;33.550;33.580;-30;2:05:00;0:55;74:00:00;54:19:32;7;$ 860.846;0;0;310;2.517.562;22.950;194.800; -   ;494.000;70.000;$ 275
30-abr;B/BERMEJA;MEDELLIN;650;105;19211;19783;572; -   ;34.430;34.520;-90;1:20:00;0:55;21:45:00;17:03:46;2;$ 245.956;0;0;82;640.483;45.900;61.200; -   ;91.277;20.000;$ 80
30-abr;B/BERMEJA;BOSCONIA;802;103;816505;817315;810; -   ;32.920;32.910;10;0:53:00;0:47;8:00:00;18:48:36;1;$ 122.978;0;0;105;819.300;30.000;84.000; -   ;22.000;10.000;$ 89
30-abr;B/BERMEJA;TANGUA;2204;356;;137280;137280; Revisar Km. ;33.090;33.170;-80;0:46:00;0:45;48:20:00;58:49:29;7;$ 860.846;0;0;190;1.601.734;180.000;262.000; -   ;29.000;80.000;$ 275
1-may;B/BERMEJA;ARAUCA-CALDAS;1094;160;19215;20131;916; -   ;32.870;32.870; -   ;1:05:00;0:55;25:55:00;44:07:02;3;$ 368.934;0;0;142;1.103.654;45.900;47.600; -   ;50.000;10.000;$ 143
1-may;B/BERMEJA;BOGOTA;944;141;944885;945831;946; -   ;33.240;33.240; -   ;5:00:00;0:54;24:40:00;23:29:45;1;$ 122.978;0;0;125;968.750;70.000;105.000; -   ;27.000;20.000;$ 128
1-may;B/BERMEJA;MEDELLIN;650;105;137280;137674;394; -   ;33.740;34.170;-430;0:50:00;0:45;21:20:00;16:40:26;1;$ 122.978;0;0;70;542.500;22.950;34.000; -   ; -   ;8.000;$ 80
1-may;B/BERMEJA;TANGUA;2204;356;971783;974020;2237; -   ;34.000;34.100;-100;0:50:00;0:40;52:40:00;60:29:56;6;$ 737.868;0;0;367;2.948.972;216.000;262.000; -   ;24.000;30.000;$ 275
2-may;B/BERMEJA;TANGUA;2204;356;595518;597687;2169; -   ;33.820;33.860;-40;1:52:00;0:45;52:25:00;58:04:00;7;$ 860.846;0;0;350;2.826.695;211.900;192.400; -   ;254.000;100.000;$ 275
2-may;B/BERMEJA;PUERTO COLOMBIA;0;0;513643;516187;2544; Revisar Km. ;32.730;32.730; -   ;1:00:00;0:50;24:45:00;27:43:40;2;$ 245.956;0;0;117;900.117;60.000;69.000; -   ;107.000;34.000;$ 120
3-may;B/BERMEJA;SAN JUAN NEPOMUCENO;1372;145;1077468;1078687;1219; -   ;26.510;26.510; -   ;4:20:00;0:45;29:45:00;28:19:54;3;$ 368.934;0;0;100;775.000;68.850;74.800; -   ;132.000;30.000;$ 122
4-may;B/BERMEJA;TANGUA;2204;356;296913;298765;1852; -   ;32.390;32.390; -   ;3:15:00;0:46;38:10:00;50:16:33;3;$ 368.934;0;0; -   ; -   ;105.000;159.000; -   ;215.000;30.000;$ 275
4-may;B/BERMEJA;SAN JUAN NEPOMUCENO;1372;145;16881;17030;149; -   ;32.970;32.970; -   ;0:00:00;0:00;0:00:00;7:07:08;1;$ 122.978;0;0; -   ; -   ;22.950;20.400; -   ;35.000;10.000;$ 122
4-may;B/BERMEJA;SAN JUAN NEPOMUCENO;1372;145;17030;17179;149; -   ;33.080;33.080; -   ;0:00:00;0:00;0:00:00;6:29:20;1;$ 122.978;0;0; -   ; -   ;22.950;20.400; -   ; -   ;10.000;$ 122
4-may;B/BERMEJA;SAN JUAN NEPOMUCENO;1372;145;17179;17320-8;142; -   ;33.460;33.460; -   ;0:00:00;0:00;0:00:00;4:23:30;1;$ 122.978;0;0;56;450.803;22.950;20.400; -   ; -   ;10.000;$ 122
4-may;B/BERMEJA;SAN JUAN NEPOMUCENO;1372;145;17328;17477;149; -   ;32.790;32.790; -   ;0:00:00;0:00;0:00:00;7:20:58;1;$ 122.978;0;0; -   ; -   ;45.900;61.200; -   ; -   ;25.000;$ 122
4-may;B/BERMEJA;SAN JUAN NEPOMUCENO;1372;145;17477;17626;149; -   ;32.520;32.520; -   ;0:00:00;0:00;0:00:00;8:05:52;1;$ 122.978;0;0; -   ; -   ;22.950;20.400; -   ; -   ;10.000;$ 122
4-may;B/BERMEJA;SAN JUAN NEPOMUCENO;1372;145;17626;17784;158; -   ;32.530;32.530; -   ;0:00:00;0:00;0:00:00;4:26:22;1;$ 122.978;0;0; -   ; -   ;22.950;20.400; -   ;109.000;10.000;$ 122
4-may;B/BERMEJA;SAN JUAN NEPOMUCENO;1372;145;17784;17933;149; -   ;32.260;32.260; -   ;0:00:00;0:00;0:00:00;5:26:19;1;$ 122.978;0;0;78;62.980;22.950;20.400; -   ; -   ;10.000;$ 122
4-may;B/BERMEJA;SAN JUAN NEPOMUCENO;1372;145;15228;15382;154; -   ;32.580;32.580; -   ;0:00:00;0:00;0:00:00;4:14:18;1;$ 122.978;0;0; -   ; -   ; -   ;20.400; -   ; -   ;11.000;$ 122
4-may;B/BERMEJA;SAN JUAN NEPOMUCENO;1372;145;15382;15535;153; -   ;34.580;34.580; -   ;0:00:00;0:00;0:00:00;6:08:01;1;$ 122.978;0;0;; -   ;22.950;20.400; -   ; -   ;10.000;$ 122
4-may;B/BERMEJA;SAN JUAN NEPOMUCENO;1372;145;15535;15682;147; -   ;33.980;33.980; -   ;0:00:00;0:00;0:00:00;4:04:14;1;$ 122.978;0;0;58;470.807;22.950;20.400; -   ; -   ;10.000;$ 122
4-may;B/BERMEJA;SAN JUAN NEPOMUCENO;1372;145;15682;15833;151; -   ;33.240;33.240; -   ;0:00:00;0:00;0:00:00;4:35:34;1;$ 122.978;0;0;; -   ;22.950;20.400; -   ; -   ;10.000;$ 122
4-may;B/BERMEJA;SAN JUAN NEPOMUCENO;1372;145;15833;15981;148; -   ;33.680;33.680; -   ;0:00:00;0:00;0:00:00;4:05:10;1;$ 122.978;0;0;; -   ;22.950;20.400; -   ; -   ;10.000;$ 122
4-may;B/BERMEJA;SAN JUAN NEPOMUCENO;1372;145;15981;16130;149; -   ;33.680;33.680; -   ;0:00:00;0:00;0:00:00;4:43:28;1;$ 122.978;0;0;57;465.608;22.950;20.400; -   ; -   ;10.000;$ 122
4-may;B/BERMEJA;SAN JUAN NEPOMUCENO;1372;145;16130;16279;149; -   ;33.330;33.330; -   ;0:00:00;0:00;0:00:00;3:15:51;1;$ 122.978;0;0;; -   ;22.950;20.400; -   ; -   ;10.000;$ 122
4-may;B/BERMEJA;SAN JUAN NEPOMUCENO;1372;145;16279;16427;148; -   ;32.760;32.760; -   ;0:00:00;0:00;0:00:00;3:21:12;1;$ 122.978;0;0;; -   ;70.000;61.200; -   ; -   ;25.000;$ 122
4-may;B/BERMEJA;SAN JUAN NEPOMUCENO;1372;145;16427;16576;149; -   ;33.260;33.260; -   ;0:00:00;0:00;0:00:00;4:21:21;1;$ 122.978;0;0;; -   ;22.950;20.400; -   ; -   ;10.000;$ 122
4-may;B/BERMEJA;SAN JUAN NEPOMUCENO;1372;145;16576;16733;157; -   ;32.750;32.750; -   ;0:00:00;0:00;0:00:00;3:46:54;1;$ 122.978;0;0;; -   ;22.950;20.400; -   ;70.000;10.000;$ 122
4-may;B/BERMEJA;SAN JUAN NEPOMUCENO;1372;145;16733;16882;149; -   ;33.350;33.350; -   ;0:00:00;0:00;0:00:00;3:48:07;1;$ 122.978;0;0;71;573.969;22.950;20.400; -   ; -   ;10.000;$ 122
4-may;B/BERMEJA;CARTAGENA;1338;160;817315;818650;1335; -   ;32.540;32.930;-390;0:45:00;0:40;38:10:00;36:57:51;1;$ 122.978;0;0;160;1.255.400;120.000;78.800; -   ; -   ;40.000;$ 135
4-may;B/BERMEJA;ARROYO DE PIEDRA;1340;170;581577;583025;1448; Revisar Km. ;33.820;33.990;-170;0:42:00;0:42;12:20:00;25:00:40;3;$ 368.934;0;0;146;1.131.499;40.000;90.000;;;18.000;$ 135
5-may;B/BERMEJA;TANGUA;2204;356;942094;944346;2252; Revisar Km. ;33.530;33.640;-110;2:16:00;0:57;54:00:00;52:18:26;5;$ 614.890;0;0;348;2.804.017;150.000;102.000;;76.500;55.000;$ 275
5-may;B/BERMEJA;TANGUA;2204;356;969186;971503;2317; Revisar Km. ;33.490;33.500;-10;3:17:00;0:43;47:26:00;51:04:57;7;$ 860.846;0;0;195;1.643.850;251.000;290.000;;210.000;80.000;$ 275
